regolith_wt,regolith_type,polymer_type,temperature,tensile_strength,elastic_modulus,compressive_strength,thermal_stability
21.9,martian,PLA,103.3,2.805,0.215,4.764,59.964
6.4,martian,LDPE,-31.4,11.787,0.299,15.18,46.743
11.4,lunar,PEEK,3.0,93.25,4.587,133.007,154.352
48.5,lunar,LDPE,114.7,0.477,0.026,0.845,57.043
34.2,lunar,PEEK,65.8,88.18,6.628,137.203,163.131
6.5,lunar,LDPE,-23.0,10.868,0.295,15.575,46.476
40.2,martian,LDPE,-52.1,10.322,0.498,17.268,53.471
39.3,lunar,LDPE,39.4,7.644,0.349,12.769,53.176
5.7,lunar,PLA,40.6,51.231,2.896,79.61,56.422
28.0,martian,PEEK,-79.7,95.704,6.673,161.163,158.253
11.7,martian,LDPE,-160.8,12.99,0.376,18.164,46.534
33.2,martian,PEEK,-45.9,93.897,7.008,149.26,159.301
23.1,martian,LDPE,-126.8,11.775,0.414,17.885,49.433
15.1,lunar,PLA,28.0,50.812,3.892,91.207,57.728
35.0,martian,PEEK,-92.3,101.984,8.003,166.941,158.514
4.8,lunar,LDPE,117.9,0.562,0.012,0.724,45.966
42.8,lunar,PEEK,70.3,85.597,8.548,149.126,168.77
4.2,martian,PLA,-42.8,63.278,4.338,108.123,56.136
29.4,lunar,LDPE,-123.7,11.446,0.449,16.7,51.437
47.9,lunar,PLA,-20.8,55.796,10.048,133.717,72.424
28.6,martian,PEEK,-23.7,92.563,6.043,142.599,157.419
41.3,lunar,PLA,115.7,2.637,0.358,5.122,66.307
33.0,lunar,PLA,59.9,32.891,3.789,63.111,62.737
27.7,lunar,PLA,-57.6,57.936,6.454,110.197,63.048
25.8,lunar,PEEK,-95.5,101.692,7.009,153.921,155.957
44.6,martian,LDPE,67.0,2.546,0.126,4.434,55.227
33.1,martian,PLA,-56.7,57.218,7.176,117.455,61.725
6.1,lunar,LDPE,94.3,0.533,0.013,0.763,45.265
38.9,lunar,PLA,140.7,2.675,0.348,5.621,67.304
33.9,lunar,PLA,-139.8,64.651,7.934,121.311,63.327
35.8,martian,LDPE,63.9,2.781,0.11,4.422,52.571
47.8,martian,PEEK,-85.5,86.504,11.024,170.98,165.488
7.0,lunar,LDPE,-41.7,13.017,0.321,14.701,45.99
39.2,lunar,PEEK,-174.1,116.47,10.412,175.154,158.171
30.3,martian,PEEK,106.4,94.216,5.732,131.136,159.139
22.7,martian,LDPE,-98.2,10.705,0.369,18.524,50.994
29.7,lunar,LDPE,-131.8,13.138,0.446,17.88,51.622
14.2,lunar,PEEK,-129.3,104.536,5.756,153.583,156.064
29.6,lunar,LDPE,44.6,7.108,0.248,10.579,51.002
2.2,martian,LDPE,-120.1,14.444,0.353,17.78,45.585
18.7,lunar,PLA,-7.2,55.161,5.002,106.568,59.996
42.2,lunar,LDPE,117.9,0.468,0.022,0.811,54.634
6.7,martian,PEEK,-3.1,99.019,4.411,114.762,152.873
13.3,martian,LDPE,-133.9,11.191,0.37,18.644,46.025
16.4,lunar,PEEK,-54.8,97.722,5.273,154.554,157.487
16.4,lunar,LDPE,-3.3,11.774,0.312,15.714,47.775
14.4,martian,LDPE,62.5,2.409,0.072,3.57,48.133
36.3,lunar,PEEK,-152.1,99.832,9.609,164.567,161.115
39.1,martian,PEEK,82.4,78.309,7.287,134.934,160.427
8.6,martian,PEEK,6.4,99.203,3.803,133.002,154.006
24.6,martian,LDPE,17.9,9.688,0.33,13.799,50.342
20.9,martian,PEEK,75.5,92.91,5.106,135.401,157.348
18.2,lunar,PEEK,-76.2,104.27,5.814,157.063,154.138
36.5,lunar,LDPE,2.5,9.867,0.423,16.714,52.875
35.9,martian,PEEK,133.9,77.989,6.673,127.249,156.203
34.3,martian,PEEK,-175.9,111.367,8.49,163.763,156.695
15.1,lunar,PLA,123.1,2.884,0.2,4.428,58.652
41.8,lunar,LDPE,-144.9,11.998,0.622,19.429,54.897
7.2,lunar,PLA,76.3,10.447,0.642,17.23,56.412
2.6,lunar,PLA,20.0,55.456,3.397,84.944,55.01
46.4,martian,LDPE,74.8,1.627,0.085,2.701,55.812
42.6,martian,PEEK,-128.8,88.976,10.012,169.549,165.187
30.6,martian,PEEK,-162.0,99.338,8.329,168.71,155.072
4.6,lunar,PEEK,-119.4,108.261,4.862,151.911,152.645
7.3,martian,LDPE,132.2,0.519,0.012,0.75,45.88
7.4,martian,PEEK,-12.2,100.686,4.607,147.202,153.732
15.2,lunar,LDPE,-38.8,11.495,0.322,15.903,47.147
29.4,lunar,LDPE,-75.4,11.149,0.417,18.702,51.797
28.3,martian,PLA,51.7,37.134,3.828,77.636,61.214
21.6,martian,PEEK,26.6,100.686,5.011,143.96,157.194
25.2,martian,PLA,-8.3,52.7,5.349,102.436,61.303
2.8,martian,LDPE,-87.4,12.476,0.307,16.699,44.165
41.4,lunar,LDPE,102.7,0.53,0.023,0.769,53.113
47.9,lunar,PEEK,148.5,72.836,7.856,128.662,162.977
32.0,lunar,LDPE,-176.5,13.073,0.524,19.713,51.092
49.5,martian,PEEK,3.5,76.907,10.48,152.698,169.168
4.0,lunar,LDPE,69.3,1.544,0.039,1.957,45.021
2.2,martian,PLA,-103.2,69.763,4.371,116.417,53.443
12.2,lunar,PLA,98.4,2.903,0.201,4.891,57.722
18.3,lunar,PEEK,-2.0,99.888,5.103,141.57,157.35
25.2,martian,LDPE,120.2,0.476,0.015,0.7,48.718
45.9,lunar,PLA,28.2,49.887,8.654,117.18,68.412
22.4,martian,PEEK,-78.5,92.412,6.048,153.116,155.066
49.1,martian,PEEK,24.7,83.711,9.375,153.101,159.546
39.1,martian,PLA,106.0,2.579,0.362,5.121,63.886
48.5,martian,LDPE,144.9,0.458,0.027,0.742,54.286
24.5,martian,PEEK,145.2,65.914,3.609,103.049,156.379
27.8,lunar,PEEK,84.7,93.861,5.984,141.915,155.474
5.5,lunar,LDPE,42.9,6.462,0.171,8.799,45.041
2.4,martian,PEEK,-102.6,120.532,4.648,145.144,153.112
1.5,martian,PLA,-47.6,62.69,4.266,98.119,53.293
42.7,lunar,PEEK,-81.3,89.407,10.085,165.189,164.301
4.2,lunar,LDPE,-67.2,11.084,0.313,17.287,45.817
6.8,lunar,LDPE,9.7,9.961,0.272,14.187,47.433
18.3,lunar,PEEK,-157.8,117.589,6.601,155.667,157.07
21.0,lunar,LDPE,136.5,0.519,0.015,0.729,48.906
16.3,lunar,PEEK,120.0,87.579,3.948,131.396,156.732
12.1,lunar,PLA,-73.6,65.123,5.284,112.843,58.171
21.9,martian,PEEK,-22.8,99.766,5.338,138.783,155.928
5.1,martian,PLA,35.5,50.901,3.347,85.83,56.822
5.2,martian,LDPE,-166.4,11.557,0.343,16.587,45.64
2.5,lunar,LDPE,-143.2,12.996,0.353,16.071,44.791
19.7,lunar,LDPE,-42.5,11.235,0.353,15.11,48.674
24.5,martian,PLA,-70.1,60.948,5.711,108.504,60.427
12.1,lunar,PLA,-21.6,57.638,4.661,105.815,58.501
23.0,lunar,PEEK,54.8,92.973,5.361,134.99,158.682
9.4,lunar,PLA,-169.7,65.391,4.907,126.818,58.185
42.5,martian,PLA,-178.4,63.742,10.969,140.605,65.432
12.7,martian,LDPE,123.2,0.491,0.015,0.785,47.806
15.9,martian,LDPE,83.7,0.554,0.016,0.795,48.098
1.5,lunar,LDPE,-65.7,12.116,0.291,14.552,46.387
15.9,martian,PLA,113.7,2.933,0.211,5.042,57.436
25.4,lunar,PLA,147.3,2.764,0.255,5.68,62.306
44.9,lunar,PEEK,110.5,85.688,8.504,147.955,163.792
14.7,martian,PEEK,39.0,83.594,4.393,137.622,157.721
12.7,martian,LDPE,21.6,9.803,0.281,14.719,47.913
37.9,martian,LDPE,144.5,0.465,0.02,0.769,51.871
20.4,martian,PEEK,-149.0,109.738,6.425,163.329,157.31
8.9,martian,PEEK,-114.2,103.397,4.744,135.804,153.974
25.9,lunar,PEEK,64.8,79.693,5.665,148.667,156.22
43.3,martian,LDPE,83.4,0.766,0.04,1.456,53.52
18.9,martian,PLA,57.4,30.345,2.497,57.71,61.926
20.5,martian,PEEK,18.6,88.375,4.814,140.618,156.767
6.6,lunar,PEEK,-126.3,116.85,4.772,155.885,151.304
37.7,lunar,PLA,110.7,2.591,0.351,5.128,65.084
13.0,lunar,PLA,-165.1,66.597,5.803,122.177,56.415
12.6,lunar,LDPE,-82.7,11.868,0.338,16.487,47.902
47.6,martian,PEEK,-156.3,97.847,12.966,177.551,158.787
30.8,martian,LDPE,-1.0,9.78,0.368,15.369,51.395
36.8,martian,PEEK,-82.3,86.783,8.468,161.311,160.968
47.1,lunar,PLA,-140.2,61.851,11.001,138.049,67.947
20.7,lunar,PEEK,-31.5,96.287,5.776,152.173,160.732
12.4,martian,PEEK,-99.2,104.651,5.124,150.044,153.383
24.5,martian,PLA,-5.2,55.934,5.111,106.741,60.52
24.1,martian,PLA,134.6,2.696,0.248,4.84,60.331
5.9,lunar,LDPE,122.6,0.562,0.013,0.753,46.194
9.4,martian,PEEK,146.2,63.0,2.298,77.368,155.063
17.1,martian,LDPE,-163.5,13.32,0.39,19.852,47.787
10.6,martian,PEEK,124.8,81.816,3.814,118.891,151.134
3.1,lunar,PLA,-28.8,62.745,3.937,101.406,55.875
16.0,martian,PLA,59.6,28.988,2.076,46.417,58.806
17.1,martian,PEEK,-121.5,110.518,6.003,160.021,152.556
37.5,martian,PLA,147.3,2.47,0.316,5.641,65.623
36.9,lunar,LDPE,-47.0,11.068,0.478,17.096,53.085
32.4,lunar,PLA,-67.0,59.057,7.233,118.973,63.999
32.8,martian,PLA,38.8,47.608,5.026,103.825,62.321
12.3,martian,LDPE,40.4,7.47,0.196,10.184,47.372
45.5,martian,PLA,-113.2,58.017,9.182,127.744,64.63
31.3,lunar,LDPE,-74.2,12.022,0.439,16.714,51.815
43.8,lunar,PEEK,21.4,85.429,9.018,155.128,162.838
24.5,martian,LDPE,28.6,9.006,0.29,13.667,49.631
48.9,martian,PLA,65.8,26.334,4.844,71.235,66.616
32.2,lunar,LDPE,-84.5,11.518,0.459,17.256,52.805
43.0,martian,PEEK,-124.7,95.224,9.976,176.14,166.897
38.7,lunar,PLA,-141.8,63.388,8.685,126.252,66.065
31.0,lunar,PLA,127.9,2.927,0.292,5.295,63.629
44.2,lunar,PLA,38.9,46.104,7.114,110.051,67.621
25.0,martian,PEEK,46.4,88.618,5.163,144.355,161.62
48.8,martian,LDPE,-75.0,10.671,0.621,18.639,55.877
39.4,lunar,LDPE,94.6,0.479,0.023,0.825,54.919
24.6,martian,LDPE,114.7,0.499,0.016,0.787,48.984
3.4,martian,PLA,-162.6,71.266,4.798,115.951,55.521
41.2,martian,PEEK,-124.6,95.126,9.116,163.224,162.107
4.6,martian,PEEK,-49.8,111.527,4.441,138.14,152.759
23.2,martian,PEEK,-58.6,87.449,5.825,148.461,159.028
8.8,lunar,LDPE,-122.1,13.187,0.349,17.62,46.705
22.4,martian,LDPE,-50.3,10.879,0.376,14.128,47.767
32.8,lunar,PEEK,-84.6,94.352,7.635,153.614,167.096
1.3,martian,PEEK,-163.7,113.583,4.748,152.721,149.988
41.3,martian,PLA,5.2,50.749,7.438,114.514,64.109
33.8,martian,PEEK,-158.2,102.902,8.259,168.645,161.279
44.5,lunar,LDPE,-24.9,10.943,0.522,17.743,56.947
9.8,martian,PEEK,44.2,100.815,3.94,120.419,152.986
6.7,lunar,PEEK,103.9,92.267,3.814,120.44,158.847
30.5,lunar,PEEK,-112.2,104.691,7.64,141.865,157.069
31.0,lunar,PLA,-139.8,69.623,7.659,135.79,63.608
2.2,martian,PLA,-47.6,66.011,3.977,106.621,55.905
48.9,lunar,LDPE,-15.4,10.233,0.585,16.571,56.9
9.7,lunar,PEEK,-145.9,122.982,5.336,168.718,153.114
31.7,lunar,PEEK,125.8,78.207,6.001,123.735,163.116
23.1,martian,LDPE,37.4,7.755,0.246,12.427,48.917
8.3,lunar,PEEK,58.6,96.959,4.202,125.808,153.874
41.3,lunar,PEEK,126.1,87.547,7.994,152.921,167.799
46.2,lunar,LDPE,11.1,9.961,0.501,17.864,56.224
37.2,lunar,PLA,101.2,2.417,0.347,5.501,65.552
43.9,lunar,LDPE,-56.9,11.258,0.554,17.288,54.816
26.8,lunar,PLA,138.6,2.543,0.257,4.938,61.007
18.7,martian,LDPE,-146.6,12.565,0.407,17.408,46.297
21.2,martian,LDPE,-57.9,10.824,0.337,16.832,48.075
15.2,lunar,PLA,108.5,2.815,0.215,4.637,59.677
33.4,lunar,PEEK,-55.7,91.035,7.752,163.561,162.07
7.0,lunar,LDPE,-117.8,11.363,0.324,17.387,46.377
48.7,martian,PLA,-153.4,59.628,12.867,135.998,67.136
1.8,lunar,PLA,-3.6,58.022,4.096,100.227,54.788
45.1,lunar,PEEK,-165.1,110.127,11.783,188.019,170.482
26.7,lunar,LDPE,122.2,0.503,0.017,0.741,50.974
15.5,martian,PLA,-117.5,65.524,5.124,124.253,59.389
41.5,martian,PLA,142.0,2.514,0.333,5.489,65.828
27.2,martian,PLA,116.6,2.814,0.27,4.449,60.937
18.1,lunar,LDPE,-50.8,12.096,0.327,16.273,47.677
30.6,martian,PLA,-168.4,65.009,7.064,141.421,62.726
46.8,martian,PEEK,142.5,72.919,7.587,127.247,163.474
28.4,lunar,PLA,121.1,2.839,0.273,5.412,62.003
43.2,martian,LDPE,133.1,0.494,0.022,0.88,54.565
18.9,martian,PEEK,74.4,89.105,4.8,142.206,156.712
21.7,martian,PLA,-104.5,63.853,5.995,115.829,58.966
24.9,lunar,LDPE,-8.5,10.651,0.342,13.284,48.921
21.1,lunar,PEEK,-157.9,105.522,7.273,163.408,158.144
23.5,martian,PEEK,115.9,83.173,4.927,134.514,157.229
21.4,martian,LDPE,30.5,10.246,0.281,14.722,48.867
48.0,martian,LDPE,-57.6,10.174,0.601,17.737,54.128
10.8,lunar,PEEK,65.9,96.281,4.41,129.758,149.383
13.6,martian,PLA,-143.5,61.717,5.345,129.015,58.254
44.1,martian,PLA,71.0,20.99,3.051,48.146,64.969
13.7,lunar,LDPE,-78.3,11.831,0.331,15.406,47.194
39.1,lunar,PEEK,66.8,91.994,7.307,142.182,161.867
8.8,lunar,PEEK,-25.7,104.552,4.122,136.207,158.732
6.5,lunar,PLA,-35.2,65.156,3.852,95.141,56.65
24.9,martian,PLA,32.2,45.608,4.457,84.771,60.406
39.6,martian,LDPE,-27.9,10.559,0.452,14.816,53.26
28.4,lunar,PEEK,2.2,88.248,6.637,136.06,161.494
49.7,martian,PLA,108.1,2.34,0.456,5.766,68.207
46.9,martian,LDPE,-66.3,9.683,0.584,18.143,53.564
47.5,lunar,LDPE,-47.0,9.868,0.575,17.118,57.026
13.2,martian,PLA,121.4,2.798,0.196,4.664,56.957
48.2,lunar,LDPE,-92.7,11.519,0.607,18.747,56.437
18.9,martian,PEEK,95.6,83.922,4.706,138.999,151.096
10.4,lunar,LDPE,-8.8,11.35,0.282,14.84,45.673
9.4,lunar,PLA,-115.5,65.86,4.694,106.325,57.017
49.1,martian,LDPE,-44.1,9.908,0.585,18.901,54.65
4.9,martian,PLA,-25.5,56.804,3.966,108.935,56.408
45.4,martian,PLA,84.9,9.115,1.445,20.709,66.859
20.1,martian,PLA,-105.9,56.794,5.747,112.492,59.916
39.1,martian,LDPE,-110.4,11.017,0.541,15.98,53.894
43.4,lunar,PEEK,-79.1,94.474,10.432,167.63,165.747
36.4,martian,PLA,-34.4,53.899,6.952,106.579,64.344
14.4,martian,PLA,-141.1,61.242,5.485,118.194,59.064
39.3,lunar,LDPE,121.3,0.531,0.022,0.776,53.5
39.8,lunar,LDPE,137.0,0.517,0.022,0.887,52.954
23.7,martian,PEEK,145.6,62.224,3.806,98.822,158.197
19.1,martian,PEEK,143.4,67.658,3.606,98.207,152.55
32.9,martian,PLA,93.8,3.677,0.398,7.34,62.315
2.8,lunar,PEEK,-65.1,105.82,4.523,138.576,154.649
37.5,lunar,LDPE,-95.0,10.648,0.498,16.817,53.482
12.3,martian,PEEK,-103.9,108.001,5.099,146.142,155.014
26.6,martian,PEEK,-22.9,89.954,6.043,151.784,157.929
17.5,martian,LDPE,10.9,10.261,0.286,14.907,47.443
8.5,lunar,LDPE,-110.1,13.045,0.32,16.042,47.8
6.6,lunar,PLA,93.0,2.837,0.188,4.866,56.419
26.1,martian,PLA,55.2,33.003,3.359,62.01,60.761
13.0,martian,PEEK,-129.3,117.477,5.727,144.054,156.409
3.9,martian,PEEK,72.5,94.253,3.971,121.477,151.394
28.4,lunar,PLA,-84.4,64.029,7.087,132.649,61.431
34.7,lunar,LDPE,42.7,7.333,0.28,11.058,52.244
11.1,lunar,PEEK,-34.5,116.713,4.644,139.544,151.697
31.0,lunar,PEEK,126.2,80.113,5.976,125.93,164.071
25.8,lunar,PLA,-21.1,55.419,5.776,116.598,62.626
9.0,lunar,PEEK,-108.4,102.261,5.193,151.455,153.47
1.6,martian,PEEK,8.1,99.234,3.778,125.032,152.239
32.1,lunar,PLA,-44.0,59.122,6.215,118.604,63.575
42.5,martian,PLA,149.6,2.211,0.369,5.517,65.967
49.7,martian,PEEK,146.8,66.715,7.9,111.849,167.666
26.4,lunar,PLA,94.8,3.563,0.337,7.037,60.97
39.9,martian,LDPE,-91.2,10.067,0.519,18.308,52.921
20.4,martian,PEEK,67.2,85.487,4.741,133.751,158.734
22.3,martian,PEEK,-104.8,102.64,6.035,152.344,158.72
32.8,lunar,PLA,-89.2,63.766,7.529,117.807,63.645
7.8,martian,PLA,20.2,59.015,3.636,104.481,57.457
0.6,martian,PEEK,-121.1,120.152,4.72,148.615,154.113
36.2,martian,LDPE,17.8,9.062,0.362,16.111,53.3
11.2,lunar,LDPE,-164.8,13.94,0.371,17.75,45.548
30.5,martian,PEEK,76.3,79.016,6.076,145.891,157.549
12.3,martian,PEEK,-166.0,110.517,5.505,163.142,153.642
46.3,martian,PLA,-113.6,57.785,10.194,134.674,65.925
38.2,lunar,PEEK,140.2,79.232,6.32,130.11,164.415
30.7,martian,PLA,22.9,50.066,5.762,103.592,60.825
36.5,lunar,LDPE,100.2,0.53,0.02,0.736,52.403
18.4,martian,PLA,-122.3,58.357,5.567,113.133,60.132
43.0,lunar,PLA,-55.2,54.518,8.786,118.361,66.149
34.6,lunar,PLA,145.8,2.655,0.292,5.217,63.53
23.8,lunar,PLA,68.7,20.251,1.656,36.02,61.206
22.3,martian,PLA,134.5,2.636,0.229,5.145,59.374
7.6,lunar,PLA,46.9,43.787,2.824,71.405,56.366
26.1,lunar,LDPE,-87.7,11.706,0.436,15.937,50.717
0.7,lunar,LDPE,-98.1,12.84,0.314,15.612,45.135
29.7,martian,LDPE,-172.8,12.152,0.465,17.924,49.322
47.1,martian,PLA,-172.7,62.148,11.478,141.812,67.682
46.5,martian,PEEK,143.7,66.351,7.308,129.148,165.202
49.4,lunar,LDPE,-174.6,11.366,0.794,21.093,55.978
23.7,martian,PLA,-136.8,63.885,6.34,118.195,60.834
25.1,martian,PLA,140.5,2.661,0.246,4.81,59.331
42.8,lunar,PLA,-51.3,56.286,9.388,119.63,68.028
19.6,lunar,PLA,-113.9,63.961,6.061,112.702,60.079
17.4,lunar,PEEK,56.5,90.481,4.448,126.597,157.95
45.0,lunar,PLA,-66.9,60.534,9.251,133.424,71.142
6.5,martian,LDPE,86.3,0.517,0.012,0.689,45.228
17.1,martian,LDPE,-126.3,12.239,0.371,17.05,48.48
46.4,lunar,PEEK,-92.7,97.458,10.882,155.713,165.606
14.0,lunar,LDPE,-116.3,12.297,0.363,15.126,46.852
1.3,lunar,PLA,-113.3,69.695,4.693,115.325,55.207
15.7,martian,LDPE,75.4,1.043,0.029,1.475,48.118
40.3,martian,PLA,-78.2,53.325,7.702,132.112,65.331
32.8,lunar,PLA,-168.7,65.945,8.178,141.555,62.804
13.8,lunar,PEEK,-43.3,105.117,5.195,143.266,156.556
44.0,lunar,LDPE,-90.8,11.331,0.601,18.85,55.212
12.9,lunar,PLA,-14.1,60.357,4.783,101.033,58.405
12.8,martian,PEEK,140.0,70.341,3.366,96.849,153.987
8.5,martian,LDPE,90.0,0.559,0.013,0.702,48.18
36.1,martian,PEEK,-160.6,97.344,9.606,170.216,161.413
33.1,lunar,PLA,-140.8,61.513,8.141,132.73,64.224
35.9,martian,PLA,-33.9,52.556,6.66,122.211,64.315
4.4,martian,LDPE,-142.4,11.717,0.332,16.422,45.072
20.8,lunar,LDPE,-117.3,12.352,0.396,17.736,49.295
32.7,lunar,PEEK,-68.1,101.455,7.139,149.737,156.915
6.8,martian,PEEK,-74.3,117.051,4.839,147.788,151.297
12.7,lunar,PEEK,-52.6,94.299,4.969,142.826,154.622
26.7,lunar,PLA,74.7,14.737,1.432,29.34,61.6
39.7,martian,PLA,-160.6,59.305,9.597,139.647,66.146
28.1,lunar,PLA,-138.2,65.715,7.146,121.712,60.914
30.6,martian,PEEK,69.0,82.305,5.701,140.526,159.812
43.0,lunar,LDPE,34.0,9.219,0.404,13.684,56.151
4.7,lunar,PLA,113.0,2.918,0.177,4.751,57.087
30.5,martian,PLA,-78.5,59.418,6.464,108.646,61.442
36.5,lunar,LDPE,133.1,0.5,0.021,0.689,53.685
26.1,lunar,PLA,-37.7,62.561,5.957,98.819,60.965
9.0,lunar,PEEK,-63.8,110.549,4.945,140.976,149.895
1.6,martian,PEEK,-157.9,123.313,5.297,153.857,145.329
9.9,lunar,PLA,9.3,52.838,4.224,99.943,58.238
21.4,lunar,PLA,47.6,44.942,4.005,83.443,58.888
3.5,lunar,PLA,60.2,25.099,1.652,43.802,57.931
4.4,martian,LDPE,-172.2,12.871,0.345,15.039,45.357
39.8,lunar,LDPE,-18.7,10.471,0.492,16.868,54.51
23.9,lunar,LDPE,112.5,0.529,0.016,0.738,49.922
26.1,lunar,PLA,-27.5,62.355,5.984,110.935,59.486
43.6,lunar,PLA,18.7,53.55,8.325,108.512,66.094
0.4,lunar,PEEK,-164.4,122.456,5.672,159.718,154.486
29.6,lunar,PLA,69.5,18.525,2.096,41.569,61.858
9.5,lunar,LDPE,-139.1,13.214,0.367,17.668,46.618
40.3,martian,PEEK,-98.4,94.822,9.454,175.676,166.28
48.7,martian,PEEK,-42.4,87.191,11.665,173.849,168.158
3.4,martian,LDPE,127.4,0.507,0.013,0.701,46.59
36.3,martian,PLA,-157.4,59.199,8.551,130.307,63.569
29.3,martian,LDPE,-73.6,11.261,0.399,15.5,50.764
37.8,lunar,PEEK,149.2,70.006,5.25,112.013,160.75
2.5,martian,LDPE,-46.6,11.314,0.296,14.913,46.034
39.5,martian,PLA,26.2,50.692,6.477,99.122,65.108
43.6,martian,LDPE,44.1,6.582,0.357,10.827,52.712
29.7,martian,LDPE,15.1,9.525,0.359,13.49,48.944
18.4,martian,PEEK,-163.4,111.103,6.731,179.627,154.81
11.7,martian,PEEK,-145.1,117.547,5.413,156.752,153.984
5.5,martian,LDPE,20.9,10.141,0.263,14.916,45.736
26.1,martian,LDPE,2.2,10.49,0.351,17.328,49.285
47.5,martian,PEEK,93.6,77.088,8.897,152.905,162.894
32.1,martian,PLA,-27.3,52.799,5.815,101.451,61.408
7.3,martian,PLA,-105.2,63.556,4.575,109.583,57.602
31.3,lunar,LDPE,121.0,0.497,0.018,0.79,50.74
31.0,martian,PLA,30.9,51.79,5.326,111.16,61.454
18.9,martian,PLA,-175.9,66.817,6.205,130.222,60.329
26.4,lunar,LDPE,-56.2,11.708,0.378,17.162,49.637
25.0,martian,PEEK,32.4,78.203,5.186,144.402,159.19
23.2,lunar,PLA,-169.8,72.793,7.039,136.895,61.161
19.8,martian,LDPE,-166.4,13.44,0.416,18.757,48.385
37.6,martian,PEEK,92.8,85.191,6.521,140.963,165.897
46.3,lunar,LDPE,-171.4,11.006,0.75,20.789,55.895
16.7,lunar,PEEK,-125.2,117.409,6.159,158.432,156.546
6.2,martian,LDPE,-82.5,11.433,0.295,16.485,46.37
20.6,martian,PEEK,40.2,93.012,4.867,130.583,155.986
11.6,martian,PEEK,39.8,85.259,4.199,126.912,149.69
13.6,martian,PLA,-16.9,60.579,4.651,111.559,58.175
48.0,martian,PEEK,-104.6,96.529,11.101,174.252,166.213
14.4,lunar,PEEK,-100.4,112.387,5.901,152.591,155.405
21.4,martian,LDPE,-26.7,11.306,0.354,14.863,49.312
28.7,martian,LDPE,104.8,0.513,0.017,0.807,50.36
42.3,martian,PLA,147.7,2.513,0.373,5.071,64.921
19.7,martian,LDPE,6.6,10.827,0.302,16.034,48.213
12.3,lunar,LDPE,-17.8,10.561,0.298,15.791,46.231
30.7,lunar,PEEK,-32.4,95.015,6.396,145.107,160.432
40.9,lunar,PLA,66.1,26.975,3.77,63.07,66.857
14.3,martian,PLA,63.9,23.776,1.594,39.686,58.101
19.1,martian,PLA,109.0,2.865,0.232,4.963,58.967
34.4,martian,LDPE,-4.2,9.846,0.379,15.097,52.564
11.5,martian,PEEK,-123.8,111.119,5.969,144.469,150.102
11.3,martian,PLA,-14.0,56.816,4.285,97.829,57.192
17.8,martian,LDPE,-44.6,10.795,0.313,15.464,48.004
44.6,lunar,PLA,-179.1,63.311,11.768,151.299,67.586
9.1,lunar,PEEK,-5.2,107.342,4.44,121.641,155.24
38.2,lunar,PEEK,-61.0,94.673,8.232,161.572,158.769
11.3,lunar,LDPE,58.9,3.05,0.081,4.41,46.723
34.9,martian,LDPE,42.5,7.158,0.285,10.94,52.233
3.6,lunar,PEEK,131.8,84.451,3.251,110.05,146.279
40.0,lunar,PLA,112.8,2.762,0.36,5.239,66.172
13.0,martian,PEEK,-135.4,115.794,5.42,156.483,157.846
34.6,lunar,PLA,46.7,44.603,5.099,90.263,66.188
37.0,lunar,LDPE,146.2,0.545,0.02,0.783,52.69
38.5,martian,PEEK,149.4,65.431,5.122,109.421,159.846
16.4,lunar,PLA,61.2,28.394,2.02,47.484,59.61
1.4,lunar,PEEK,4.4,101.75,4.059,120.719,153.782
34.0,lunar,LDPE,-162.2,11.917,0.492,18.445,52.86
40.6,lunar,PLA,63.0,34.082,4.453,68.085,67.5
32.2,martian,LDPE,34.4,8.281,0.348,13.731,50.569
21.9,lunar,PEEK,-99.0,103.075,6.511,163.831,158.605
18.8,martian,PLA,-54.5,57.612,5.005,118.348,58.987
33.0,martian,PLA,-37.5,56.715,6.669,112.43,63.391
20.7,lunar,PEEK,-139.1,116.293,6.374,154.382,157.599
22.9,martian,LDPE,-173.3,11.484,0.423,17.977,48.596
0.0,martian,PLA,-126.6,65.596,4.689,116.273,55.696
1.2,lunar,PLA,130.7,2.82,0.177,4.741,56.791
30.5,martian,PEEK,145.6,62.205,4.701,110.679,157.041
19.2,lunar,PEEK,127.3,87.323,4.702,124.183,156.514
2.9,martian,PLA,124.5,2.825,0.172,4.655,55.057
22.8,martian,PLA,-128.9,67.627,6.506,122.341,59.336
0.4,martian,LDPE,-126.9,12.687,0.314,15.319,45.486
18.3,martian,PEEK,50.1,84.684,4.777,142.888,156.288
23.6,martian,LDPE,-73.9,10.518,0.347,16.673,47.396
40.7,lunar,LDPE,-124.3,11.934,0.578,19.565,54.73
43.8,martian,PLA,-129.3,59.147,9.894,128.688,65.903
7.9,lunar,PLA,-176.1,69.527,5.194,113.567,57.638
27.1,lunar,PLA,-74.2,59.882,5.984,123.196,61.495
6.4,martian,PLA,127.1,2.87,0.177,4.974,55.883
43.8,martian,PLA,22.5,49.662,8.136,119.827,68.053
3.0,lunar,LDPE,1.1,11.258,0.253,14.008,45.034
27.4,lunar,PLA,5.8,52.469,5.458,103.266,62.896
41.5,lunar,LDPE,16.1,8.636,0.423,17.244,54.042
5.5,martian,PEEK,-153.8,116.37,5.224,153.131,153.679
13.9,martian,PEEK,54.0,97.489,4.156,135.65,154.378
23.7,martian,PEEK,8.3,92.265,5.345,139.029,162.141
18.9,martian,PLA,80.7,7.783,0.659,13.819,60.358
30.9,martian,PLA,-178.4,67.373,7.78,130.585,61.704
22.4,martian,LDPE,67.3,1.836,0.059,2.895,48.358
44.3,lunar,LDPE,-147.8,11.76,0.649,18.183,54.905
10.8,lunar,PLA,-90.9,69.957,4.996,121.168,57.459
22.3,lunar,PLA,-44.8,56.741,5.977,115.88,60.271
40.8,martian,PEEK,58.8,75.605,7.523,141.53,157.802
13.4,martian,PLA,-106.8,71.752,5.044,112.028,57.92
10.3,lunar,PEEK,-30.3,107.485,4.708,123.87,151.657
2.4,lunar,PLA,-152.4,70.972,4.841,120.175,54.399
38.0,martian,PLA,31.5,49.895,6.017,106.862,65.408
15.1,martian,PLA,-95.8,60.356,5.138,120.931,58.103
33.7,lunar,PLA,-90.7,60.495,7.714,125.915,64.96
9.5,lunar,LDPE,-116.3,11.883,0.344,16.365,45.847
45.1,lunar,PLA,-147.6,62.376,11.612,138.575,70.788
38.8,lunar,PEEK,-55.7,98.579,8.963,176.576,161.216
32.0,martian,PLA,62.6,27.616,3.096,52.411,62.554
17.7,martian,PLA,-139.2,63.619,5.486,121.369,58.358
15.6,martian,LDPE,144.1,0.489,0.014,0.762,48.398
4.8,martian,PLA,-117.8,73.759,4.475,120.134,55.409
49.2,martian,PLA,43.7,41.894,8.118,108.337,68.059
46.9,martian,PLA,-95.1,51.319,9.78,129.993,68.532
43.2,martian,LDPE,-132.7,11.394,0.569,18.656,53.098
32.4,martian,PEEK,-51.9,95.923,7.299,154.393,161.316
46.1,martian,PEEK,122.5,79.031,8.701,139.132,164.566
5.5,lunar,PLA,-148.5,74.976,5.188,119.814,57.902
37.4,lunar,LDPE,-62.9,10.929,0.486,16.981,53.423
38.0,martian,PEEK,49.5,83.994,7.168,136.678,162.72
24.2,martian,PLA,-35.0,64.349,5.362,101.892,59.803
47.7,lunar,PLA,-86.0,61.05,10.547,132.704,68.398
15.0,martian,LDPE,-142.1,12.949,0.387,18.228,47.436
48.6,lunar,PLA,2.5,53.84,9.73,121.032,68.651
15.4,lunar,PLA,6.6,59.972,4.155,97.207,58.046
16.9,lunar,PLA,-104.7,62.625,5.497,109.4,58.977
29.7,martian,LDPE,31.7,9.321,0.308,13.368,51.228
16.2,martian,PEEK,-145.3,107.739,6.159,160.935,158.0
31.9,lunar,PLA,27.4,55.603,5.585,110.95,63.955
29.0,martian,PEEK,-17.8,95.11,6.588,145.489,155.029
1.3,lunar,LDPE,131.0,0.521,0.013,0.724,44.227
30.0,lunar,PLA,-156.4,69.45,7.539,132.654,63.934
3.2,lunar,PEEK,63.4,103.602,3.692,127.964,153.336
35.4,lunar,LDPE,84.4,0.67,0.029,1.122,53.459
11.2,martian,LDPE,131.6,0.511,0.014,0.695,47.902
26.2,lunar,PLA,111.4,2.614,0.264,5.65,61.267
5.2,lunar,PEEK,-14.0,100.218,4.066,140.136,152.474
1.6,lunar,PLA,-141.7,67.048,4.905,102.31,54.716
24.0,martian,PEEK,43.7,85.744,5.47,130.495,159.997
15.7,martian,LDPE,-71.0,10.805,0.336,16.396,47.181
1.8,martian,PLA,102.2,3.009,0.177,4.67,55.48
22.7,martian,PEEK,134.9,80.536,4.932,119.78,158.409
34.3,lunar,PEEK,1.2,90.032,7.265,145.6,162.007
48.7,martian,PEEK,-170.6,94.032,13.584,192.116,161.397
32.4,martian,PLA,-157.3,65.213,7.901,132.632,62.737
25.8,martian,LDPE,-96.9,11.282,0.372,16.756,49.543
2.7,martian,PEEK,-81.2,103.736,4.284,139.341,154.308
43.0,martian,PLA,-67.1,53.602,8.809,123.674,66.499
43.9,lunar,LDPE,125.0,0.514,0.023,0.793,52.906
3.8,lunar,PEEK,5.4,94.938,4.012,128.977,147.706
9.4,lunar,PLA,-166.7,66.399,5.375,118.711,57.426
16.4,martian,LDPE,91.1,0.473,0.014,0.728,47.226
39.1,martian,PLA,129.4,2.456,0.338,5.529,66.522
0.3,martian,PEEK,-84.9,112.16,4.42,130.368,150.896
48.3,lunar,PEEK,-35.1,87.777,11.291,168.835,164.789
41.3,lunar,LDPE,120.0,0.506,0.023,0.769,55.163
28.1,martian,PLA,51.0,41.524,3.923,76.333,59.448
6.5,martian,PEEK,89.4,89.677,3.941,127.696,155.547
28.5,lunar,LDPE,-179.8,12.641,0.509,17.977,52.867
34.1,martian,PEEK,-88.2,104.712,8.147,146.906,163.869
37.8,martian,PEEK,21.1,85.463,6.899,144.121,160.952
5.5,martian,PEEK,-54.3,105.114,4.442,146.65,152.401
24.2,martian,PEEK,-163.9,107.695,6.717,171.885,162.255
11.4,martian,PLA,15.4,57.197,3.861,98.142,58.033
11.3,martian,PEEK,-71.1,96.567,5.088,159.12,157.61
43.2,martian,PLA,2.6,46.222,7.635,119.644,66.577
46.3,lunar,LDPE,25.5,9.564,0.518,16.091,55.535
48.7,lunar,LDPE,88.0,0.746,0.041,1.252,57.031
7.0,martian,PLA,-78.7,61.085,4.456,110.175,57.637
37.3,lunar,PEEK,-155.7,107.188,10.174,174.108,165.965
40.0,martian,PEEK,-51.2,96.968,8.497,160.789,163.681
40.3,lunar,PLA,-151.4,62.445,10.228,136.967,66.12
6.5,lunar,LDPE,-14.6,11.595,0.274,14.903,45.885
9.9,lunar,PLA,-105.5,67.888,4.664,104.678,57.192
34.7,martian,LDPE,-59.4,10.697,0.446,15.761,52.245
22.5,lunar,PLA,95.7,3.0,0.261,5.447,61.0
9.5,martian,LDPE,-144.9,13.239,0.347,17.679,45.948
41.1,lunar,PLA,-108.5,64.438,9.282,127.959,67.13
8.8,martian,PLA,-162.9,69.721,4.983,118.318,57.978
14.9,martian,PEEK,-110.6,109.033,5.803,157.748,157.131
20.9,lunar,PEEK,110.2,88.659,4.559,134.785,157.84
12.0,martian,PLA,-41.5,66.378,4.512,105.867,57.769
30.5,lunar,LDPE,-82.2,11.007,0.426,17.199,52.268
13.9,martian,LDPE,-162.4,14.164,0.377,17.178,45.957
4.7,lunar,PLA,-65.2,60.335,4.571,107.089,56.731
4.6,martian,PLA,-1.0,59.433,3.924,95.291,55.433
21.5,lunar,PEEK,111.5,82.683,5.155,140.508,155.919
16.6,lunar,PLA,41.1,47.044,3.589,90.837,58.944
37.7,martian,LDPE,101.2,0.502,0.02,0.805,53.207
31.9,lunar,PEEK,-10.1,88.108,6.752,157.056,161.423
12.4,martian,LDPE,54.2,4.14,0.108,5.706,45.913
8.4,martian,PEEK,141.7,69.4,3.13,95.251,155.763
9.4,lunar,PEEK,102.6,93.82,4.395,121.748,154.277
15.5,martian,LDPE,-113.9,12.114,0.36,15.573,47.505
17.2,lunar,PEEK,-93.7,109.945,5.909,156.096,151.812
4.4,lunar,PEEK,-97.9,115.356,4.682,145.928,151.577
31.5,martian,PLA,130.2,2.439,0.285,4.959,62.819
35.2,lunar,PEEK,-154.2,108.428,8.671,162.765,165.104
11.3,martian,PLA,-6.8,54.965,3.977,101.604,56.58
11.1,martian,PEEK,-72.8,102.809,4.955,148.714,154.079
38.9,martian,PEEK,-43.0,88.564,8.235,149.059,159.903
1.0,lunar,PEEK,-128.0,118.79,4.874,153.318,154.365
6.9,martian,LDPE,6.1,10.915,0.278,14.712,46.216
34.3,lunar,PLA,97.5,3.246,0.383,6.465,63.836
27.2,martian,PEEK,-90.7,91.036,6.601,142.558,159.987
20.7,martian,PEEK,-24.8,98.841,5.196,150.776,156.082
14.1,martian,LDPE,45.2,6.254,0.169,8.805,46.347
11.8,martian,PEEK,-86.5,109.208,5.218,151.211,154.419
11.0,martian,PEEK,85.4,97.354,4.294,126.226,151.273
33.8,lunar,LDPE,-66.6,10.668,0.434,17.553,52.054
23.4,martian,PLA,-57.7,55.645,5.856,122.628,59.132
0.1,lunar,PEEK,134.5,79.018,2.948,109.342,151.168
23.2,martian,PEEK,141.6,71.962,3.769,100.935,159.38
7.1,lunar,PEEK,38.9,95.806,4.057,134.46,147.638
20.0,lunar,LDPE,-135.9,12.653,0.407,17.338,48.362
18.7,martian,PLA,40.6,45.196,3.797,87.876,60.442
23.7,martian,PLA,105.6,2.651,0.238,5.044,60.076
33.0,martian,LDPE,-37.9,9.749,0.393,18.158,50.975
28.0,lunar,PLA,-2.9,58.398,5.662,106.905,62.113
25.5,martian,LDPE,-168.1,13.284,0.448,16.214,49.369
4.7,lunar,PEEK,-155.9,122.121,5.126,143.9,152.303
10.5,martian,PLA,-149.9,67.948,5.171,120.783,56.129
35.7,martian,PEEK,-157.3,93.257,8.728,176.129,165.0
15.8,lunar,PLA,-137.2,64.236,5.546,112.445,57.66
7.9,lunar,PEEK,-37.4,105.3,4.305,139.9,152.76
3.8,lunar,LDPE,-113.2,12.115,0.328,15.636,45.348
22.1,lunar,PEEK,11.8,87.529,4.774,130.346,159.239
49.5,lunar,PLA,148.8,2.515,0.474,6.01,70.758
0.7,lunar,PLA,-148.6,80.694,4.43,108.81,54.292
42.6,lunar,PLA,-100.5,59.377,9.125,114.732,67.039
30.6,lunar,PEEK,-93.0,105.598,7.744,157.843,157.766
12.5,martian,PLA,-30.6,61.677,4.189,97.54,56.961
45.1,lunar,PEEK,82.8,92.102,9.162,152.159,168.709
25.5,martian,PEEK,-62.8,97.227,6.199,144.016,159.683
18.9,martian,LDPE,91.1,0.456,0.015,0.731,47.6
13.0,lunar,LDPE,-100.3,12.158,0.321,15.996,48.006
22.4,martian,PLA,93.3,3.495,0.294,6.112,59.76
48.3,martian,PEEK,52.2,76.655,8.881,138.09,165.778
34.8,lunar,PEEK,120.3,88.453,6.745,137.336,163.654
1.5,lunar,LDPE,-45.8,11.595,0.272,14.599,44.823
13.7,lunar,PLA,60.7,25.774,1.981,44.662,57.975
3.7,martian,PLA,-121.2,71.692,4.615,109.009,54.688
16.2,lunar,PLA,15.1,63.682,4.631,99.941,58.613
28.0,martian,PEEK,-79.1,99.1,6.861,159.739,162.81
25.9,martian,PEEK,-73.9,102.396,6.363,152.396,158.589
29.5,lunar,PLA,105.5,2.62,0.269,5.131,63.337
19.3,martian,PEEK,148.8,57.41,3.184,89.589,154.688
36.6,martian,PEEK,26.8,80.634,6.807,143.021,160.896
42.8,martian,PLA,54.1,36.374,5.463,80.35,65.723
23.7,lunar,PLA,-95.8,64.855,5.992,121.662,61.323
26.9,lunar,LDPE,-35.5,11.374,0.387,16.101,50.516
22.5,lunar,PLA,-111.6,65.427,6.236,114.735,60.564
12.4,martian,PLA,-173.6,68.387,5.545,130.613,56.542
49.8,martian,PLA,-82.6,52.338,10.49,135.591,69.234
44.9,martian,LDPE,59.5,3.869,0.189,6.143,53.895
5.2,martian,LDPE,-135.8,12.197,0.325,17.328,44.567
41.8,martian,LDPE,-87.7,10.427,0.54,18.003,52.746
10.3,lunar,LDPE,86.1,0.468,0.014,0.772,46.813
3.1,lunar,PLA,-31.9,64.576,3.875,99.19,56.63
28.4,lunar,PLA,-118.8,62.27,7.215,117.322,62.729
0.7,lunar,PEEK,-69.6,108.71,4.377,132.422,154.482
27.8,lunar,LDPE,-95.6,11.083,0.414,18.522,50.704
8.6,lunar,LDPE,-53.2,13.677,0.312,15.322,47.468
25.4,lunar,PLA,56.9,34.066,2.948,63.18,62.823
17.0,martian,PEEK,-130.6,104.624,6.074,166.98,158.273
23.3,lunar,LDPE,135.5,0.531,0.015,0.739,49.709
34.3,martian,PEEK,-11.1,90.048,7.227,151.261,160.729
23.9,martian,PEEK,86.3,83.301,5.069,137.887,158.38
14.5,martian,LDPE,51.0,4.952,0.127,7.769,47.299
7.8,martian,PLA,120.2,2.744,0.205,5.107,57.285
3.7,lunar,PLA,14.7,56.921,3.733,89.171,54.115
34.4,martian,LDPE,-24.3,10.394,0.444,17.353,51.249
27.7,lunar,PLA,-66.4,59.951,6.348,118.27,62.695
41.0,lunar,PLA,-179.0,70.662,10.899,142.022,68.402
41.2,lunar,LDPE,1.8,11.85,0.442,15.79,54.616
37.1,lunar,PLA,97.2,3.78,0.472,7.634,64.331
42.0,lunar,LDPE,-156.8,12.174,0.623,19.376,55.051
6.2,lunar,LDPE,7.6,10.485,0.259,13.938,46.201
26.0,martian,PEEK,94.7,84.291,5.699,134.034,157.125
34.6,martian,PEEK,134.2,79.616,5.477,134.272,164.284
33.0,martian,LDPE,143.0,0.47,0.019,0.739,50.745
14.2,lunar,LDPE,-140.8,12.506,0.358,16.45,47.826
9.8,martian,PEEK,115.8,93.608,3.915,121.529,151.895
42.1,lunar,PLA,122.0,2.591,0.375,6.087,66.377
38.0,lunar,PEEK,-8.8,90.483,7.43,144.624,166.125
7.9,martian,PEEK,76.8,91.443,4.279,126.744,152.661
29.8,lunar,LDPE,123.3,0.51,0.018,0.773,52.655
37.1,lunar,PEEK,-130.3,105.979,9.533,173.781,162.595
15.2,martian,LDPE,-120.5,11.451,0.409,16.403,47.515
6.9,lunar,PEEK,-101.8,108.993,5.206,150.731,154.95
28.8,lunar,PLA,7.2,60.254,5.915,110.83,61.718
15.7,lunar,PEEK,109.7,91.403,4.109,136.889,155.74
27.7,lunar,PEEK,-173.3,108.109,7.355,175.259,160.717
16.7,martian,PLA,-130.8,60.111,5.35,114.128,59.323
16.4,lunar,PEEK,139.9,76.273,3.724,103.497,154.726
11.8,martian,LDPE,118.9,0.514,0.014,0.746,45.758
26.8,martian,PLA,-101.5,62.988,5.816,110.195,61.0
12.1,martian,LDPE,105.3,0.527,0.014,0.695,47.41
26.2,martian,LDPE,100.6,0.453,0.017,0.755,50.539
24.7,lunar,LDPE,102.5,0.522,0.016,0.733,49.049
6.5,lunar,LDPE,-48.8,11.268,0.319,15.394,46.979
25.8,martian,LDPE,109.6,0.452,0.017,0.742,50.056
38.2,lunar,LDPE,-99.1,12.178,0.526,18.396,54.448
27.9,martian,PEEK,59.0,83.716,5.401,142.495,159.087
32.7,lunar,PEEK,-21.1,94.928,6.63,153.579,162.035
2.4,lunar,PLA,-170.2,75.824,4.688,112.28,55.808
12.6,martian,LDPE,59.5,3.079,0.078,4.357,47.001
12.5,martian,PEEK,66.2,91.5,4.039,132.686,156.102
12.1,martian,PEEK,-89.5,102.37,5.247,150.307,154.516
27.7,lunar,PLA,10.0,57.454,5.515,105.188,64.442
9.5,martian,PEEK,91.1,101.844,4.222,123.809,155.227
42.5,martian,PEEK,143.8,69.157,6.683,121.513,164.241
44.2,martian,PLA,-102.3,60.73,9.128,130.656,66.05
21.7,martian,PLA,-120.0,59.78,6.042,111.123,59.37
32.6,martian,PEEK,51.0,78.679,6.511,130.902,161.953
43.2,martian,PLA,-79.8,52.159,8.624,128.145,65.772
27.5,lunar,PEEK,-32.6,98.199,6.667,154.158,159.03
5.5,martian,LDPE,25.5,10.733,0.241,13.978,45.73
22.4,lunar,PEEK,-72.4,102.273,6.218,146.186,161.232
8.8,martian,PLA,-107.1,60.621,4.818,114.865,56.022
49.7,lunar,PEEK,123.1,88.633,10.156,136.718,165.224
6.3,martian,PEEK,-138.9,112.3,5.476,153.305,151.447
7.8,martian,LDPE,46.4,6.087,0.161,8.741,46.438
40.5,lunar,PLA,-67.7,60.978,8.381,125.473,66.27
7.1,martian,PLA,-143.2,69.154,5.124,119.002,56.352
49.8,martian,PEEK,-65.2,88.185,11.556,175.538,166.693
12.2,lunar,PLA,59.9,28.729,1.927,49.735,57.989
26.2,lunar,PLA,76.0,13.752,1.339,23.2,61.297
4.3,lunar,LDPE,-38.8,11.438,0.299,15.86,45.47
9.7,martian,PEEK,-66.2,107.81,4.851,142.328,155.376
13.4,martian,PLA,22.1,59.195,3.884,96.98,57.902
20.5,martian,PLA,-75.6,58.609,5.798,97.464,58.605
34.1,martian,PEEK,-163.7,103.162,8.896,179.789,164.919
14.3,martian,PEEK,-156.4,107.856,5.716,145.106,151.516
9.8,lunar,LDPE,-5.2,10.355,0.25,14.068,46.369
49.5,lunar,PEEK,-158.5,109.707,13.936,187.377,165.469
21.9,martian,LDPE,-90.1,11.241,0.363,17.616,49.017
19.9,martian,PLA,-178.5,64.181,6.325,121.77,58.511
13.8,lunar,PEEK,36.3,91.709,4.871,137.218,158.456
43.4,martian,PEEK,-74.8,78.899,9.547,168.319,163.865
47.8,lunar,LDPE,-75.8,11.363,0.601,17.351,57.848
21.8,martian,PEEK,-111.1,100.009,6.142,146.052,153.496
29.7,lunar,PLA,-36.0,59.548,6.35,109.411,62.689
21.4,martian,PEEK,-174.7,116.301,6.906,172.667,155.773
13.7,martian,PEEK,39.4,94.853,4.421,128.371,153.14
39.3,lunar,LDPE,120.0,0.527,0.021,0.768,55.008
41.3,lunar,PLA,-155.7,65.061,9.018,129.629,66.744
13.7,lunar,PEEK,-38.4,100.4,4.751,143.322,154.627
38.8,lunar,PEEK,-113.4,91.894,9.538,170.055,161.373
23.2,martian,PLA,28.0,51.424,4.641,99.62,60.108
38.8,lunar,PLA,38.5,46.853,6.25,94.062,66.733
21.7,martian,LDPE,-99.3,12.52,0.372,17.08,49.289
34.0,lunar,LDPE,-52.1,12.584,0.447,18.259,53.107
43.0,lunar,PEEK,99.0,80.99,9.027,150.04,158.333
22.1,lunar,LDPE,-91.3,12.213,0.373,15.821,49.158
39.6,martian,PEEK,-15.4,82.543,8.045,151.32,158.433
44.0,martian,LDPE,-139.8,11.345,0.56,16.038,54.586
47.1,lunar,PLA,-73.1,59.365,10.772,125.435,68.621
8.0,lunar,LDPE,-89.0,12.131,0.339,15.833,45.445
35.8,lunar,PEEK,-85.4,100.984,8.596,159.722,162.157
7.7,martian,PEEK,-59.9,114.043,4.644,144.902,150.463
29.8,lunar,PEEK,144.7,69.303,4.918,106.379,159.066
34.6,martian,LDPE,-104.8,10.311,0.434,16.757,50.869
42.9,lunar,LDPE,-99.8,10.771,0.605,18.8,54.97
12.2,lunar,PLA,-102.2,65.813,5.239,119.103,58.407
31.3,martian,PEEK,-156.6,102.874,8.908,154.465,159.093
10.4,lunar,PLA,87.9,4.331,0.302,6.993,57.924
15.4,lunar,LDPE,-70.2,11.748,0.329,15.946,49.328
42.7,lunar,PEEK,52.2,82.029,8.044,141.181,163.673
17.7,lunar,LDPE,23.0,9.893,0.29,14.884,47.803
22.0,lunar,LDPE,75.4,1.181,0.038,1.661,50.059
10.2,martian,PEEK,59.7,89.743,3.994,128.498,155.623
21.9,martian,PEEK,123.4,75.183,4.722,126.971,157.487
21.7,martian,PLA,-73.7,56.969,5.422,113.117,59.103
26.2,lunar,PLA,22.9,58.616,5.231,95.548,61.674
12.0,martian,LDPE,-130.3,12.79,0.361,15.923,45.89
41.5,lunar,PEEK,-127.5,112.013,11.09,180.79,162.059
40.8,lunar,LDPE,-89.4,10.905,0.547,16.559,54.718
8.1,lunar,PEEK,-80.3,107.117,4.754,143.415,158.301
13.8,lunar,PLA,-14.0,62.146,4.657,99.762,58.2
11.2,martian,PEEK,-19.0,98.34,4.16,140.231,152.337
20.8,martian,PEEK,-163.0,106.704,6.54,164.873,155.808
14.5,martian,LDPE,-44.0,11.008,0.301,16.426,45.375
34.5,martian,PLA,32.3,50.268,6.051,99.106,63.848
30.7,lunar,LDPE,92.4,0.472,0.018,0.781,51.496
8.6,martian,LDPE,22.0,10.484,0.261,13.81,46.616
38.3,martian,PLA,-162.3,61.253,8.693,130.87,64.158
27.6,martian,PLA,-166.2,59.101,6.679,130.359,60.586
8.8,lunar,PLA,-107.6,62.237,5.195,115.21,56.662
42.1,lunar,LDPE,25.1,10.217,0.435,16.668,54.231
44.8,martian,PLA,-20.5,50.76,8.354,122.15,64.69
10.9,lunar,LDPE,-159.3,12.919,0.389,16.259,47.407
49.6,lunar,PLA,130.0,2.597,0.454,5.936,68.203
37.3,lunar,PEEK,-139.0,101.271,9.286,173.32,165.226
8.7,lunar,LDPE,-164.0,12.603,0.369,17.511,46.306
19.2,martian,PEEK,-178.9,105.978,6.89,157.37,155.851
44.7,martian,LDPE,8.9,9.769,0.461,17.189,53.807
48.7,martian,PLA,-33.8,54.043,9.571,123.702,68.02
8.5,lunar,LDPE,-28.5,10.987,0.296,15.023,46.955
3.7,lunar,PLA,-31.1,58.16,4.351,103.978,56.226
18.8,lunar,PEEK,-167.5,113.719,6.959,183.651,154.568
5.1,lunar,LDPE,-21.4,11.948,0.281,14.962,45.293
40.0,lunar,PLA,122.1,2.749,0.358,5.491,66.324
5.4,lunar,LDPE,-35.6,11.994,0.289,14.651,46.357
23.0,lunar,LDPE,35.5,8.714,0.264,13.556,49.77
3.1,lunar,PLA,-94.8,64.155,4.46,109.62,54.546
21.3,lunar,PEEK,-116.0,111.172,6.329,161.624,157.088
2.5,lunar,LDPE,-71.8,11.085,0.304,16.932,44.893
41.3,martian,PEEK,103.7,80.845,7.661,153.932,164.397
36.6,lunar,LDPE,136.0,0.486,0.018,0.781,51.72
39.2,lunar,LDPE,3.1,9.861,0.41,15.306,54.478
33.4,martian,PEEK,71.6,82.836,6.109,154.901,159.825
27.7,lunar,LDPE,22.4,9.91,0.334,15.111,50.481
14.7,martian,PLA,-119.3,65.39,5.448,116.41,58.211
19.8,lunar,LDPE,-166.8,13.004,0.43,19.425,49.389
43.2,martian,LDPE,-166.4,11.232,0.621,18.975,53.008
17.2,lunar,LDPE,72.7,1.248,0.036,1.848,47.188
34.8,martian,PLA,39.7,45.094,5.622,93.669,62.636
29.1,martian,PEEK,-81.6,101.637,6.43,166.031,159.955
45.7,lunar,LDPE,68.5,2.65,0.137,4.378,56.473
20.8,martian,PEEK,-60.0,95.244,5.652,140.787,157.561
44.2,martian,LDPE,134.1,0.445,0.024,0.828,54.905
49.9,lunar,PEEK,-170.0,111.741,14.534,181.968,167.498
10.8,martian,LDPE,93.6,0.541,0.013,0.735,45.812
39.0,lunar,PLA,-151.6,67.623,9.674,137.331,64.975
48.9,lunar,PEEK,-27.0,95.017,10.729,170.037,170.092
2.0,martian,PEEK,45.0,88.882,3.785,122.799,151.407
17.7,martian,PEEK,-126.1,101.509,6.235,158.508,156.874
9.4,lunar,LDPE,60.0,3.268,0.077,3.856,46.862
19.2,lunar,PLA,-18.5,56.911,4.912,110.075,60.06
40.9,martian,LDPE,126.2,0.495,0.022,0.856,53.229
36.6,lunar,PLA,-149.7,61.799,8.534,135.305,64.923
40.6,lunar,PLA,90.2,7.123,0.848,14.152,67.227
26.9,lunar,PEEK,-33.0,98.056,6.754,162.803,157.277
26.5,martian,LDPE,-121.2,11.792,0.428,19.05,50.471
5.3,lunar,PEEK,64.2,98.927,4.094,128.463,153.709
4.8,martian,LDPE,28.7,9.554,0.228,14.047,46.062
10.5,lunar,PLA,-31.2,64.399,4.234,104.851,58.184
44.2,lunar,LDPE,121.2,0.49,0.023,0.813,56.836
33.2,lunar,PEEK,-101.7,100.933,8.851,163.779,165.603
1.2,lunar,PLA,-95.9,65.821,4.395,113.874,55.253
18.1,martian,PEEK,-124.4,105.119,6.281,165.691,154.524
23.4,martian,PEEK,-72.1,104.17,5.81,148.663,155.253
28.5,lunar,PEEK,-33.6,89.707,6.362,151.111,161.219
9.9,lunar,LDPE,135.0,0.564,0.013,0.761,46.499
42.0,lunar,LDPE,68.2,2.607,0.123,3.83,54.553
27.5,martian,PLA,17.5,56.086,5.123,109.53,62.561
33.5,martian,LDPE,-29.9,10.087,0.387,17.048,50.309
44.0,martian,PLA,-80.1,53.027,8.892,125.468,67.302
5.1,lunar,PLA,-122.4,65.036,4.955,108.167,55.577
44.0,lunar,LDPE,-131.1,11.97,0.622,17.85,55.778
49.1,lunar,PLA,43.3,44.007,8.496,113.828,70.062
35.8,lunar,PEEK,56.5,85.028,6.84,148.21,157.683
21.3,martian,LDPE,81.1,0.72,0.021,0.975,48.485
20.7,martian,LDPE,9.6,10.975,0.315,15.657,48.254
27.4,martian,PEEK,3.7,90.149,5.539,134.252,160.052
35.5,lunar,PEEK,-85.3,98.688,8.513,174.15,164.056
30.3,martian,PLA,-157.3,59.83,7.25,126.2,59.888
30.4,lunar,LDPE,62.5,3.186,0.108,4.844,51.762
21.0,lunar,LDPE,-156.5,11.944,0.408,18.095,48.272
28.1,lunar,PEEK,-50.8,101.718,6.83,151.682,155.914
21.7,lunar,LDPE,-119.7,12.201,0.425,18.118,48.394
10.1,lunar,PEEK,120.9,94.322,3.913,113.517,155.5
26.4,lunar,PEEK,-137.1,105.619,7.628,164.448,159.462
41.6,martian,PEEK,23.0,72.637,7.937,136.592,163.206
8.2,martian,PEEK,10.8,95.648,4.406,141.317,156.027
29.2,lunar,LDPE,-41.2,10.91,0.406,15.894,50.769
27.3,martian,PLA,-145.2,61.144,6.522,135.034,63.543
42.7,martian,PEEK,-162.3,101.839,11.53,167.758,162.949
20.7,martian,PEEK,118.3,79.243,4.811,135.911,156.551
49.2,martian,LDPE,46.4,6.9,0.378,12.089,56.824
5.0,lunar,PLA,71.9,12.812,0.855,21.539,55.287
32.5,martian,LDPE,-73.6,10.974,0.439,17.3,50.849
44.8,martian,PLA,-128.6,62.211,10.626,135.945,66.952
36.0,lunar,PLA,31.3,52.641,6.39,108.453,65.785
47.7,lunar,PLA,139.7,2.712,0.437,5.739,69.202
4.3,martian,PLA,21.1,58.66,3.75,88.309,55.452
45.5,lunar,LDPE,65.7,3.323,0.148,5.414,57.281
17.6,martian,LDPE,66.3,2.124,0.058,2.572,48.201
1.9,lunar,PLA,53.6,33.31,1.893,56.762,56.873
23.2,martian,LDPE,105.8,0.477,0.015,0.743,49.254
23.2,martian,LDPE,90.6,0.485,0.016,0.669,48.721
26.0,martian,PLA,119.4,2.666,0.249,5.245,61.824
28.2,martian,LDPE,-12.1,9.879,0.368,15.252,50.307
25.7,martian,PEEK,-155.4,103.617,6.816,168.75,158.62
10.1,lunar,PLA,-64.3,62.508,4.453,103.235,55.846
18.3,lunar,PLA,-127.7,63.644,6.239,117.576,59.218
14.9,martian,PEEK,-70.2,103.244,5.171,141.402,151.0
23.7,martian,LDPE,-114.5,11.607,0.385,17.501,49.812
44.5,lunar,PLA,130.6,2.749,0.356,5.786,70.643
1.2,martian,LDPE,-97.1,12.151,0.325,16.439,45.278
12.6,martian,PEEK,18.5,93.864,4.35,119.678,153.495
41.3,lunar,PEEK,56.1,88.458,8.58,148.225,163.4
7.7,lunar,PEEK,-125.3,103.76,5.477,157.098,156.451
15.6,lunar,LDPE,-106.2,12.674,0.337,15.591,47.297
7.9,lunar,PEEK,98.1,101.072,4.198,121.771,154.439
1.4,martian,PEEK,76.5,81.46,4.1,128.865,150.927
1.4,martian,PLA,-134.3,68.49,4.963,112.802,55.399
14.6,martian,PLA,-135.9,69.43,5.999,120.239,58.194
29.7,lunar,PEEK,83.3,89.698,5.693,131.709,158.877
37.3,lunar,LDPE,-80.2,10.752,0.48,18.858,53.994
2.3,martian,PEEK,147.5,55.928,2.311,84.428,152.945
19.7,lunar,PLA,36.4,47.935,4.319,98.609,59.563
1.9,martian,PEEK,-92.8,108.479,4.448,156.756,153.458
22.8,lunar,LDPE,-28.9,10.771,0.354,15.633,49.694
33.4,lunar,PLA,-78.1,61.319,7.299,109.486,64.493
12.0,martian,LDPE,75.0,1.005,0.026,1.449,47.027
26.8,lunar,PEEK,148.5,68.112,3.91,98.024,155.783
33.3,lunar,LDPE,-14.7,10.828,0.431,16.756,52.723
2.1,lunar,LDPE,-55.3,12.504,0.306,15.894,44.355
45.4,martian,LDPE,8.7,9.317,0.503,17.317,55.38
22.8,martian,PEEK,-140.8,103.606,6.874,156.54,153.402
42.7,martian,PEEK,78.3,89.367,8.034,163.846,163.689
6.0,martian,PLA,-160.6,68.356,4.933,125.593,57.185
44.7,martian,PEEK,-136.1,95.566,11.436,189.17,164.849
46.2,lunar,LDPE,-122.6,12.0,0.691,21.052,56.915
45.6,martian,PEEK,-86.1,98.222,10.677,171.166,164.387
49.8,martian,LDPE,-5.5,9.229,0.552,18.261,55.564
21.6,martian,PEEK,-0.1,97.84,5.533,139.461,158.33
28.5,lunar,LDPE,86.7,0.536,0.018,0.812,50.501
16.6,lunar,LDPE,107.1,0.493,0.014,0.697,47.955
2.5,martian,PEEK,-175.8,124.072,5.144,154.117,152.471
3.4,lunar,PEEK,102.5,100.349,3.813,128.409,148.576
40.0,lunar,LDPE,-17.8,11.088,0.435,17.349,53.185
30.8,lunar,PLA,20.3,56.737,5.374,109.248,62.958
27.6,lunar,PEEK,-114.7,99.022,7.754,158.604,156.089
6.5,martian,PLA,-58.7,66.775,4.195,105.916,56.415
20.6,martian,PLA,71.7,14.867,1.266,30.124,59.528
18.2,lunar,PLA,46.7,40.86,3.37,84.786,59.246
5.8,martian,LDPE,-85.1,11.907,0.31,16.168,45.531
47.8,lunar,LDPE,-117.1,11.232,0.642,17.761,56.67
32.0,lunar,LDPE,22.0,10.273,0.37,16.075,52.095
40.2,martian,LDPE,57.9,3.748,0.179,6.887,51.629
2.2,lunar,PEEK,-178.7,117.149,5.101,164.466,149.052
44.6,martian,PLA,35.3,42.462,7.314,109.725,65.172
19.6,lunar,PEEK,-38.7,104.767,5.025,146.876,160.839
21.5,lunar,LDPE,-167.9,12.355,0.425,18.756,48.483
36.0,martian,PLA,-93.4,53.677,7.266,127.219,63.683
24.3,lunar,LDPE,-165.4,12.553,0.434,18.01,48.821
25.3,martian,LDPE,-15.6,10.678,0.356,15.195,48.617
14.5,lunar,PEEK,-169.6,111.666,6.24,166.255,159.438
26.7,lunar,PLA,49.6,39.78,3.868,75.756,60.636
7.3,martian,PLA,-11.8,51.762,4.35,96.643,58.22
45.4,lunar,PEEK,-18.3,93.302,9.422,149.946,162.434
33.4,lunar,PEEK,96.6,86.744,6.665,132.762,160.55
8.4,martian,PLA,-149.9,71.97,4.95,123.536,56.678
10.2,martian,PLA,-38.3,65.73,4.422,106.127,56.88
24.1,lunar,LDPE,-99.0,11.674,0.399,17.298,49.145
41.9,lunar,LDPE,-155.4,11.359,0.602,18.994,56.129
29.7,lunar,PLA,-171.5,66.632,7.353,136.004,63.266
3.0,martian,PLA,74.0,10.972,0.684,18.94,54.368
25.2,martian,PLA,139.6,2.367,0.246,5.529,62.222
49.6,martian,LDPE,-136.5,11.24,0.67,18.859,55.134
10.2,martian,PEEK,-15.1,96.499,4.338,129.62,151.472
42.4,martian,PLA,-64.7,49.735,8.432,115.646,66.741
34.6,lunar,LDPE,-13.1,10.273,0.443,16.656,52.855
18.9,lunar,LDPE,105.5,0.557,0.014,0.725,47.637
20.2,martian,LDPE,-97.6,11.731,0.362,16.866,46.481
19.0,martian,LDPE,-39.0,9.816,0.328,16.546,47.095
44.0,martian,LDPE,-30.9,9.707,0.499,17.639,52.918
34.4,lunar,PEEK,74.9,87.878,6.76,149.169,163.051
16.4,lunar,LDPE,131.1,0.528,0.015,0.701,48.092
6.5,martian,LDPE,106.8,0.567,0.013,0.747,45.553
44.1,martian,PLA,-163.0,63.174,10.841,137.38,67.093
43.8,lunar,PEEK,-83.8,103.426,10.275,181.498,164.422
8.7,martian,PEEK,109.5,90.694,3.954,130.988,152.332
31.3,lunar,PEEK,-74.8,100.874,8.089,156.556,160.077
27.8,lunar,PEEK,88.5,88.899,6.066,138.474,158.348
36.2,lunar,PLA,137.5,2.58,0.321,5.955,65.192
21.7,martian,PEEK,132.4,76.664,4.447,124.578,154.272
34.5,martian,PLA,-67.4,54.748,7.242,116.495,62.675
5.7,lunar,LDPE,-49.7,12.366,0.298,15.284,46.217
45.8,lunar,PLA,17.7,52.514,8.478,119.292,70.228
24.7,martian,PLA,120.6,2.989,0.251,4.849,60.822
23.4,martian,PLA,45.6,43.11,3.726,80.381,61.573
33.4,lunar,PEEK,66.4,81.757,6.303,143.299,163.733
36.9,lunar,LDPE,56.0,4.693,0.184,7.789,54.648
20.1,martian,LDPE,20.4,9.38,0.309,15.651,48.41
12.3,lunar,PLA,-65.3,63.203,4.67,104.571,58.734
44.4,martian,PLA,-96.0,54.171,9.587,143.5,66.316
42.5,martian,PEEK,-127.0,102.864,10.394,170.109,158.82
29.3,lunar,PLA,121.9,2.556,0.292,5.305,62.447
47.1,lunar,PLA,-164.6,60.93,12.591,143.435,68.819
37.6,lunar,LDPE,-130.7,11.38,0.584,18.078,54.426
48.4,lunar,PEEK,-31.9,97.558,10.631,172.194,171.725
25.6,lunar,PLA,-152.4,65.88,7.424,119.938,60.671
8.6,lunar,PEEK,-139.4,112.632,5.447,148.898,154.395
46.1,lunar,PLA,-9.1,54.324,8.904,113.552,69.406
14.0,martian,PLA,105.0,2.975,0.193,4.827,58.321
42.7,lunar,PLA,-132.3,62.797,10.93,131.847,68.503
47.2,lunar,PLA,-35.4,58.993,9.413,123.311,67.671
35.0,martian,LDPE,-4.3,9.746,0.38,15.374,52.955
48.4,martian,LDPE,136.8,0.416,0.024,0.863,55.2
12.9,lunar,PEEK,-178.8,122.105,5.467,164.332,155.061
21.7,martian,LDPE,85.1,0.545,0.016,0.722,48.809
5.7,lunar,PEEK,-90.3,111.688,5.005,152.776,155.148
5.4,lunar,PLA,-176.7,77.008,5.16,120.112,57.667
6.3,martian,PLA,-44.1,66.525,4.35,106.257,55.999
0.1,lunar,PEEK,-38.8,107.917,4.205,131.795,154.084
35.0,lunar,PEEK,43.5,93.239,6.927,134.716,163.551
6.1,lunar,PEEK,51.8,100.628,3.997,128.727,151.133
17.0,lunar,PEEK,27.3,84.277,4.573,131.394,155.784
33.0,lunar,PLA,146.4,2.807,0.296,5.364,63.845
47.9,martian,PLA,80.1,12.555,2.153,30.245,67.78
12.8,martian,LDPE,56.2,3.813,0.109,5.525,48.044
16.0,lunar,PLA,-11.7,62.006,4.494,105.22,58.269
1.8,martian,LDPE,-29.1,11.746,0.278,13.495,44.275
17.6,lunar,PEEK,130.9,84.973,4.404,123.676,158.972
44.6,lunar,LDPE,90.0,0.581,0.028,0.971,53.427
27.8,martian,PEEK,-102.7,107.729,6.621,169.373,155.865
8.3,lunar,LDPE,-4.6,10.187,0.289,15.274,47.158
31.5,lunar,LDPE,26.8,10.677,0.315,14.179,51.497
19.7,lunar,PEEK,-54.9,98.902,5.695,151.663,156.496
13.8,lunar,PLA,68.1,16.789,1.361,31.374,59.37
4.9,martian,PLA,142.4,2.836,0.174,4.65,57.032
18.1,martian,PLA,-160.0,66.135,6.099,111.872,57.498
22.8,martian,PLA,48.3,40.925,3.658,77.198,59.747
4.1,lunar,PEEK,83.6,97.745,3.911,137.27,154.763
45.5,martian,PLA,43.7,42.811,7.017,95.101,68.084
19.6,martian,PEEK,-65.0,100.473,5.794,137.543,156.122
19.7,lunar,PEEK,0.8,84.013,4.91,137.635,157.204
3.0,martian,PEEK,36.3,97.116,3.972,122.44,152.301
18.7,martian,PLA,-72.1,61.681,5.095,111.644,59.511
9.5,martian,PEEK,3.4,97.829,4.198,128.868,150.955
44.2,lunar,LDPE,75.0,1.718,0.085,2.885,55.7
14.3,lunar,LDPE,-68.4,11.356,0.337,15.499,47.633
6.2,lunar,PEEK,139.8,71.853,2.901,91.48,154.441
27.9,martian,LDPE,-175.1,12.788,0.434,20.446,51.783
12.9,martian,PEEK,141.3,68.969,3.191,102.415,154.565
44.8,martian,PEEK,51.7,75.681,7.879,162.139,162.398
11.1,lunar,LDPE,-42.2,11.768,0.332,15.986,45.874
20.4,martian,PEEK,-134.0,97.279,6.593,150.318,160.177
10.9,lunar,PLA,118.9,2.7,0.204,4.808,56.597
2.2,martian,PLA,34.0,56.206,3.157,94.961,54.332
11.3,lunar,PLA,-15.0,58.631,4.241,107.395,58.931
32.6,lunar,LDPE,-48.7,10.574,0.41,15.792,51.445
30.4,lunar,LDPE,27.3,10.559,0.362,14.319,50.134
6.2,lunar,PLA,125.7,2.886,0.2,4.431,57.179
34.8,martian,LDPE,-75.3,11.009,0.463,18.722,52.325
18.5,martian,LDPE,66.5,2.164,0.057,3.126,48.427
14.0,martian,PLA,16.2,55.795,4.091,103.5,57.829
8.5,lunar,PEEK,-94.0,112.696,4.95,138.028,158.048
28.7,martian,PEEK,50.0,85.149,6.041,135.495,157.398
13.5,lunar,PEEK,53.7,88.425,4.494,144.816,155.404
36.2,martian,LDPE,55.7,4.2,0.177,6.656,53.104
31.6,lunar,PEEK,56.6,97.607,6.26,133.571,156.501
17.8,martian,PLA,-122.0,66.367,5.517,120.057,58.204
8.7,martian,PLA,17.2,56.109,3.924,90.527,58.074
28.1,martian,LDPE,-171.0,12.45,0.479,18.133,50.814
48.3,martian,PEEK,-89.4,91.344,11.139,170.446,162.57
0.3,lunar,LDPE,-160.9,13.351,0.344,16.575,44.962
41.9,martian,LDPE,62.5,3.247,0.156,4.89,51.348
29.9,martian,PLA,-5.6,54.155,5.964,102.354,62.34
26.4,lunar,PLA,-155.7,71.766,7.071,138.384,61.049
19.1,martian,LDPE,-171.0,12.864,0.407,15.672,45.95
24.1,lunar,LDPE,-146.8,12.24,0.466,18.017,48.704
0.0,martian,LDPE,-104.5,13.728,0.342,16.528,44.993
36.9,lunar,PLA,112.7,2.651,0.34,5.316,65.345
48.1,martian,PLA,-54.0,55.221,9.665,122.756,66.501
18.5,lunar,PLA,-38.3,60.548,5.061,99.602,59.306
20.3,martian,LDPE,-123.7,11.942,0.387,16.411,48.366
36.0,martian,PLA,132.6,2.35,0.323,5.348,62.927
26.5,lunar,PEEK,82.9,86.979,5.313,130.701,162.335
40.5,martian,PLA,96.8,3.531,0.457,7.538,65.197
13.6,martian,PLA,-120.2,67.243,5.688,106.645,57.132
33.8,martian,PEEK,-93.0,90.058,8.347,148.936,159.918
12.8,lunar,LDPE,8.7,10.038,0.285,14.168,47.415
16.9,martian,LDPE,-131.4,12.197,0.4,16.901,47.232
44.8,martian,LDPE,-53.7,9.622,0.49,16.916,54.517
47.8,lunar,PEEK,106.6,89.418,10.215,157.649,171.122
15.2,martian,LDPE,-31.3,10.811,0.314,15.198,47.886
6.8,martian,PEEK,-103.2,119.107,4.92,150.389,156.796
4.7,martian,PLA,101.2,3.239,0.191,4.867,57.136
27.9,martian,PLA,62.5,23.545,2.652,53.128,63.232
47.7,martian,PEEK,-116.3,90.529,11.085,164.891,166.013
46.6,martian,PEEK,-42.3,80.793,9.793,163.004,163.932
27.3,martian,PLA,62.7,25.24,2.418,51.042,61.688
46.1,martian,LDPE,-72.7,10.087,0.55,18.489,53.296
20.1,lunar,PLA,-94.0,59.392,5.56,114.053,59.599
27.7,lunar,PEEK,-17.4,98.375,6.072,146.444,159.772
34.6,martian,PLA,-56.5,51.469,7.002,125.781,64.547
27.2,lunar,LDPE,-166.6,12.474,0.5,18.651,50.098
30.1,martian,LDPE,89.0,0.467,0.018,0.708,50.536
10.7,lunar,PLA,-114.6,65.659,5.081,118.094,58.112
16.0,lunar,LDPE,-116.7,13.349,0.379,18.735,48.554
30.3,lunar,PEEK,78.0,97.671,6.162,147.901,158.662
14.5,martian,LDPE,52.2,4.752,0.132,5.844,47.259
39.3,lunar,PLA,18.3,52.768,7.165,117.96,63.8
2.4,martian,LDPE,-32.1,11.702,0.296,15.784,45.261
27.3,martian,PEEK,-172.6,103.669,7.535,176.515,158.412
17.9,martian,PEEK,103.8,86.94,4.652,138.999,152.973
19.6,martian,PLA,36.7,52.276,3.853,94.619,60.196
6.6,lunar,LDPE,127.7,0.546,0.013,0.732,45.439
18.4,lunar,LDPE,-91.9,11.005,0.366,16.907,47.574
4.0,martian,PEEK,119.6,91.743,3.378,121.194,152.705
26.6,lunar,LDPE,-30.7,10.509,0.365,16.093,50.37
14.0,lunar,PLA,-47.2,69.628,4.6,105.114,61.2
22.9,martian,PLA,-72.1,56.743,5.846,112.74,59.706
17.5,martian,LDPE,139.5,0.52,0.014,0.752,48.731
18.1,martian,PLA,37.1,49.7,3.981,91.491,57.809
45.1,lunar,PLA,0.4,54.946,8.649,121.506,68.936
17.0,martian,LDPE,-22.7,10.672,0.315,15.118,47.42
28.8,martian,PEEK,-18.6,90.246,6.368,145.426,158.481
24.0,martian,PLA,74.1,13.549,1.251,25.123,61.028
39.2,lunar,LDPE,121.6,0.472,0.022,0.753,53.098
27.4,martian,PLA,-131.9,58.963,6.994,128.494,61.962
18.9,lunar,PEEK,131.8,79.966,4.528,123.79,155.193
1.7,lunar,LDPE,-106.0,12.695,0.313,15.461,44.274
44.9,martian,LDPE,-51.3,9.571,0.545,17.308,54.724
27.1,martian,LDPE,-175.5,11.408,0.472,17.707,50.464
36.9,martian,LDPE,-148.6,11.053,0.534,19.766,53.37
23.1,martian,PLA,-148.1,67.792,6.144,125.948,58.04
9.3,martian,PLA,147.6,2.888,0.199,4.764,56.082
35.8,martian,PEEK,-135.7,100.3,8.75,183.063,159.275
45.8,lunar,PLA,110.4,2.78,0.441,5.594,69.107
32.1,martian,LDPE,-58.1,10.279,0.427,18.279,51.26
30.2,lunar,PLA,135.4,2.8,0.273,5.16,65.004
24.1,martian,PEEK,8.9,85.413,5.26,146.475,157.739
9.0,lunar,LDPE,77.8,0.903,0.021,1.185,47.791
19.4,lunar,LDPE,-7.9,10.353,0.325,15.135,48.439
45.8,martian,PEEK,1.5,82.805,8.818,147.724,164.039
8.0,lunar,LDPE,-172.9,12.018,0.36,17.399,45.774
25.1,lunar,LDPE,38.4,8.039,0.263,11.287,49.774
26.6,lunar,PEEK,62.7,86.646,5.995,144.064,162.276
27.3,martian,PLA,-160.4,60.608,7.372,127.193,63.547
18.1,martian,PEEK,-173.5,119.251,6.941,155.558,154.951
11.5,lunar,PLA,77.6,9.596,0.677,17.135,56.077
19.6,lunar,LDPE,-165.0,13.174,0.441,18.006,47.111
13.4,lunar,PLA,132.4,2.879,0.203,4.641,58.751
26.6,lunar,LDPE,-162.0,13.323,0.46,18.531,49.927
11.1,lunar,LDPE,45.4,6.642,0.17,8.108,46.326
45.7,martian,PLA,-83.3,49.395,9.089,124.595,66.815
31.7,lunar,LDPE,119.0,0.535,0.018,0.795,51.703
0.4,lunar,PLA,143.8,2.971,0.17,4.847,53.978
42.3,lunar,PLA,-127.0,65.399,9.659,132.684,67.357
30.9,martian,PEEK,-35.0,104.447,6.63,134.748,158.144
44.4,martian,PLA,-81.2,52.212,9.08,130.997,64.693
25.6,martian,PLA,9.4,52.838,4.864,106.078,60.666
44.8,lunar,PEEK,73.6,81.102,9.125,147.951,165.191
14.7,martian,LDPE,46.0,6.582,0.174,8.237,45.802
6.9,lunar,PEEK,-42.3,110.672,4.365,135.182,154.85
25.4,martian,PEEK,51.6,88.597,5.611,143.933,158.008
47.5,lunar,LDPE,9.0,9.17,0.525,16.946,57.616
34.7,martian,PEEK,-96.2,97.973,8.063,169.94,158.747
11.1,martian,LDPE,-5.7,10.55,0.297,14.969,47.285
7.1,martian,LDPE,1.8,10.495,0.287,15.052,45.37
22.5,lunar,PEEK,74.6,97.208,5.163,136.683,150.73
46.8,lunar,PLA,-47.5,59.517,9.806,123.55,67.562
48.6,martian,PLA,149.0,2.254,0.454,5.593,68.137
24.9,martian,LDPE,42.2,6.325,0.224,10.642,49.484
12.4,lunar,LDPE,12.8,10.32,0.275,15.347,46.333
26.4,lunar,LDPE,2.3,10.458,0.361,15.336,50.538
18.7,lunar,PEEK,39.8,95.787,4.914,130.417,160.27
2.3,lunar,PLA,-1.8,66.155,3.708,95.354,54.261
2.8,martian,PEEK,-48.3,122.212,4.394,127.963,152.132
7.6,martian,LDPE,36.1,8.184,0.199,12.293,46.364
36.9,lunar,PEEK,-34.7,96.898,8.304,155.929,164.227
45.5,martian,PEEK,79.6,86.243,8.421,150.686,165.244
42.8,martian,PEEK,-91.8,90.121,9.269,160.883,163.94
1.4,lunar,PEEK,-65.2,112.949,4.315,142.045,152.29
31.7,lunar,LDPE,-178.7,13.459,0.515,20.132,52.272
4.6,lunar,PEEK,-150.9,115.368,5.388,146.065,150.358
10.1,martian,PEEK,53.2,94.259,4.061,128.769,151.17
48.3,lunar,PLA,48.7,47.345,7.927,93.022,70.446
8.8,martian,PLA,-43.9,60.721,4.134,115.137,56.786
13.6,lunar,PLA,-115.6,64.877,4.956,112.204,59.375
39.1,martian,LDPE,-68.0,10.824,0.478,17.164,52.898
12.5,martian,LDPE,2.8,9.711,0.285,14.539,47.695
32.4,lunar,LDPE,10.8,10.78,0.381,17.044,52.245
7.3,martian,LDPE,85.4,0.551,0.012,0.682,46.424
30.2,martian,PEEK,-68.6,94.675,6.47,130.892,155.68
13.4,martian,LDPE,-156.9,12.204,0.362,17.202,47.15
10.7,lunar,LDPE,52.1,4.599,0.118,6.251,47.623
39.6,lunar,PLA,-115.0,68.92,9.186,137.255,67.195
6.4,lunar,LDPE,-15.0,13.045,0.268,14.724,45.65
34.7,martian,LDPE,-169.0,12.083,0.518,17.148,50.944
32.4,lunar,LDPE,76.5,1.262,0.044,1.918,51.366
35.4,lunar,PLA,-160.3,69.01,8.565,140.553,64.203
26.8,martian,PEEK,120.6,73.456,5.21,131.911,157.4
3.7,martian,PEEK,136.3,73.78,2.987,106.081,156.158
47.7,martian,PEEK,-118.1,98.829,12.212,173.773,161.559
7.0,martian,LDPE,-44.4,10.247,0.294,16.617,45.911
46.5,lunar,PEEK,-38.7,92.118,10.495,155.286,163.88
9.7,martian,PLA,-119.0,64.625,4.96,117.734,56.484
3.5,martian,PLA,-123.7,60.04,4.628,117.71,56.215
31.1,lunar,PLA,-124.7,64.889,6.904,125.596,63.546
14.3,lunar,PLA,118.4,2.774,0.193,5.025,57.562
33.9,martian,PEEK,-61.2,92.895,7.679,143.836,161.021
34.6,lunar,PLA,54.4,38.458,4.723,77.622,63.337
2.1,lunar,LDPE,30.2,9.968,0.231,12.551,45.219
41.9,martian,LDPE,136.3,0.46,0.022,0.775,53.113
48.6,martian,PEEK,73.5,77.345,9.775,140.979,163.913
28.1,martian,PEEK,131.6,84.162,4.941,128.149,161.047
24.0,lunar,PEEK,-103.4,111.083,6.373,160.706,158.596
38.8,lunar,PEEK,51.8,84.587,7.829,141.551,156.551
36.0,martian,PLA,43.4,47.161,5.443,98.504,63.887
16.6,martian,PLA,26.4,55.725,4.16,104.159,58.178
24.4,lunar,PEEK,-52.3,103.512,6.512,140.601,155.328
28.2,lunar,LDPE,-74.6,11.437,0.374,16.804,50.078
41.9,lunar,LDPE,-123.8,11.892,0.551,19.367,55.01
35.8,lunar,LDPE,142.7,0.493,0.019,0.787,52.677
35.2,martian,LDPE,128.9,0.453,0.018,0.756,50.692
32.3,martian,PEEK,-103.1,102.286,7.742,169.636,159.482
20.6,lunar,PLA,-138.5,69.349,6.065,125.239,59.36
49.2,lunar,PEEK,-18.7,90.96,11.659,152.324,163.731
30.8,lunar,PEEK,-154.6,113.638,8.448,166.836,159.552
23.1,lunar,PLA,-146.3,62.628,6.754,122.912,62.664
42.9,lunar,PEEK,-154.4,103.872,11.168,187.534,166.271
37.4,lunar,LDPE,59.5,4.131,0.163,6.237,51.778
30.1,martian,PLA,-82.3,58.668,6.769,131.701,62.006
29.1,martian,LDPE,-70.0,10.663,0.379,16.792,49.628
9.8,martian,LDPE,131.6,0.48,0.014,0.69,47.276
32.5,lunar,LDPE,117.9,0.522,0.019,0.767,52.168
2.2,martian,PLA,74.0,10.2,0.684,17.943,55.09
30.2,lunar,LDPE,12.6,10.303,0.37,15.178,49.876
26.0,martian,PEEK,9.5,87.996,5.069,128.054,163.021
12.1,lunar,PEEK,-66.2,104.715,5.202,138.606,158.665
33.6,lunar,LDPE,47.1,6.843,0.265,10.077,53.405
29.6,martian,LDPE,-1.9,9.502,0.364,15.576,49.683
19.6,martian,LDPE,-96.0,11.5,0.368,16.472,48.359
18.7,martian,PLA,-43.6,54.505,4.876,106.087,60.867
46.2,lunar,PLA,118.3,2.666,0.447,6.074,68.232
49.0,lunar,PLA,-94.5,57.005,11.305,121.372,70.275
31.9,lunar,LDPE,137.1,0.486,0.019,0.792,52.488
3.1,lunar,PLA,101.1,2.733,0.186,4.681,54.911
16.4,martian,LDPE,123.9,0.516,0.014,0.747,47.878
32.8,martian,PLA,-103.8,54.183,7.223,113.791,63.053
46.3,lunar,PLA,-8.4,56.463,8.332,115.789,69.113
18.2,martian,PLA,131.5,2.857,0.222,5.253,59.129
19.7,lunar,PLA,-134.3,64.722,6.331,130.35,61.081
12.5,martian,PEEK,70.6,88.201,4.486,133.545,155.495
33.3,martian,PEEK,138.3,75.344,5.765,130.905,161.952
7.8,lunar,LDPE,141.7,0.512,0.013,0.764,46.762
46.3,martian,LDPE,-73.9,10.822,0.543,17.719,54.617
8.4,lunar,PEEK,-47.6,102.561,4.882,167.803,155.611
34.4,lunar,LDPE,-43.0,10.775,0.428,16.744,53.668
19.7,martian,LDPE,-107.7,12.458,0.376,15.525,48.793
18.5,martian,PEEK,140.2,71.052,3.826,102.402,154.237
27.4,lunar,LDPE,123.2,0.484,0.016,0.786,50.644
3.2,martian,PLA,129.7,3.116,0.169,5.095,56.736
23.8,martian,PEEK,-116.7,101.999,6.282,150.52,159.082
41.4,martian,PLA,-143.9,60.516,10.036,135.631,66.476
17.7,martian,PEEK,94.6,89.523,4.6,130.082,157.025
45.2,lunar,PLA,111.3,2.533,0.433,5.797,67.254
5.8,martian,PLA,115.5,2.949,0.183,4.694,57.502
27.7,lunar,PEEK,143.9,75.819,4.554,103.005,156.217
27.4,lunar,PLA,-112.0,63.017,6.758,125.087,60.934
20.5,martian,PLA,-40.4,63.318,5.165,100.323,59.873
19.3,lunar,PEEK,141.2,80.236,3.678,109.261,157.409
22.4,lunar,PLA,51.5,38.575,3.58,70.883,60.752
39.8,martian,LDPE,-13.7,9.974,0.415,16.738,52.175
9.4,martian,LDPE,55.2,3.905,0.096,5.651,46.45
14.7,martian,PEEK,-150.7,103.783,6.046,149.718,152.693
14.0,lunar,PLA,98.1,2.765,0.201,5.429,59.112
11.7,martian,PEEK,138.1,71.699,3.382,105.833,154.321
38.2,martian,PEEK,78.7,81.626,6.998,144.837,162.766
15.4,martian,LDPE,-73.9,11.667,0.359,16.333,47.187
5.5,martian,PEEK,81.4,90.208,4.099,128.034,151.619
3.9,lunar,PEEK,134.2,80.1,3.205,107.698,151.212
32.9,martian,PEEK,98.4,85.476,6.235,140.336,160.215
18.0,martian,LDPE,-32.1,10.64,0.334,15.962,48.286
39.7,lunar,PEEK,-31.7,93.086,8.304,153.968,165.369
27.5,martian,PEEK,75.3,85.196,5.536,142.154,160.568
10.4,martian,PLA,127.5,2.879,0.194,5.287,56.79
45.7,lunar,PLA,3.7,53.539,8.637,113.875,68.044
34.1,martian,LDPE,-87.8,11.033,0.429,17.829,50.286
26.4,lunar,PLA,-14.8,54.039,5.654,114.483,61.034
27.5,lunar,PLA,-145.1,58.174,7.732,129.691,62.767
41.7,lunar,PEEK,90.9,85.547,8.383,146.276,164.969
46.6,lunar,LDPE,63.9,3.967,0.201,6.426,57.13
9.1,lunar,PLA,-177.5,66.183,5.757,128.419,57.067
27.6,martian,LDPE,65.4,2.45,0.074,3.632,49.255
39.6,martian,PEEK,-132.0,101.835,9.176,164.505,156.411
43.4,lunar,PEEK,-98.5,101.079,10.353,168.697,167.209
39.7,martian,LDPE,27.2,8.833,0.393,15.371,52.024
1.1,martian,PLA,-94.2,72.192,4.331,113.711,53.731
0.1,martian,PLA,100.0,2.699,0.174,5.097,54.372
26.2,martian,LDPE,-165.6,13.046,0.458,19.568,49.318
32.5,martian,LDPE,-39.1,10.614,0.4,15.845,51.375
33.1,martian,PEEK,-41.8,96.722,7.018,156.047,160.62
32.1,martian,PLA,-157.0,65.585,7.73,133.753,63.239
36.3,lunar,LDPE,128.9,0.495,0.021,0.775,53.619
15.1,lunar,LDPE,118.8,0.533,0.015,0.727,48.104
31.9,lunar,PEEK,-144.4,115.322,8.57,171.862,159.157
14.2,lunar,PLA,146.6,2.958,0.199,5.234,58.293
12.4,martian,PEEK,-28.1,99.727,4.835,143.354,157.949
17.2,lunar,PEEK,-111.4,115.152,5.831,146.66,157.528
13.9,lunar,PLA,147.4,2.773,0.198,5.081,57.827
29.8,martian,PEEK,113.5,87.195,5.874,130.195,156.43
36.4,lunar,PEEK,76.6,87.151,7.234,155.26,162.913
38.8,martian,PEEK,105.6,76.687,7.176,140.769,162.195
41.3,lunar,PLA,-13.0,59.0,7.963,114.595,66.124
7.5,lunar,PEEK,-61.7,109.036,4.842,138.48,153.225
17.2,lunar,PEEK,-22.3,103.258,5.124,141.856,154.577
35.9,lunar,PLA,-136.7,63.332,8.076,129.695,64.544
2.8,lunar,PEEK,-4.7,98.485,4.167,118.006,148.103
25.3,martian,PLA,125.4,2.57,0.239,5.156,60.321
26.6,lunar,PLA,-55.1,67.899,6.026,117.754,62.442
39.2,lunar,LDPE,31.0,9.388,0.39,15.048,55.293
20.1,martian,LDPE,49.0,5.258,0.162,8.399,49.432
39.5,lunar,PEEK,93.6,88.929,8.294,147.734,164.151
9.7,lunar,PLA,16.5,55.18,3.902,103.485,57.128
39.9,lunar,LDPE,144.9,0.487,0.022,0.745,53.149
37.6,martian,PEEK,43.0,80.177,6.723,146.204,156.808
29.8,lunar,PLA,-128.2,58.901,7.345,135.709,64.412
33.0,martian,PLA,-71.6,53.557,6.888,125.503,63.416
28.0,martian,PEEK,15.6,84.192,5.535,139.344,158.226
14.0,lunar,PLA,-137.8,69.913,5.533,117.282,58.67
45.5,martian,PLA,110.5,2.559,0.377,6.096,65.473
15.7,martian,PEEK,104.9,87.804,4.331,127.24,155.719
32.0,lunar,PLA,63.5,28.302,3.07,58.396,64.791
47.5,lunar,PEEK,-158.8,109.782,12.872,174.872,166.252
32.4,lunar,PEEK,61.3,87.062,6.747,137.252,161.564
30.0,lunar,PEEK,77.0,87.593,6.328,152.421,158.816
19.5,martian,PLA,-130.5,63.665,5.965,116.946,59.015
47.8,martian,PLA,-96.4,51.327,9.879,130.079,66.479
3.4,martian,PEEK,-23.9,100.611,4.226,134.69,154.087
43.7,martian,LDPE,-174.6,11.287,0.642,19.23,53.935
8.6,martian,PLA,-18.0,64.015,4.314,101.696,56.59
7.6,lunar,PLA,-164.2,66.333,5.27,120.277,57.325
37.6,martian,PLA,-99.2,58.161,7.627,120.527,63.871
8.8,lunar,LDPE,-117.7,12.384,0.338,17.415,46.962
20.3,lunar,LDPE,88.5,0.485,0.014,0.695,48.82
20.3,martian,PLA,-37.7,57.241,5.192,106.127,58.975
20.5,martian,LDPE,66.6,2.042,0.059,3.157,48.006
48.1,martian,PLA,-54.6,48.318,10.647,126.074,67.403
40.5,martian,PEEK,136.3,71.331,6.871,122.371,164.141
5.9,lunar,PEEK,-157.2,117.42,5.317,148.472,155.213
22.4,martian,LDPE,-127.9,12.065,0.403,16.145,47.852
18.6,lunar,LDPE,42.1,7.498,0.211,9.24,47.122
35.3,lunar,LDPE,3.9,10.747,0.401,15.981,53.482
26.7,martian,LDPE,105.8,0.494,0.017,0.724,50.741
1.6,lunar,LDPE,123.2,0.531,0.013,0.687,45.913
41.3,martian,PLA,17.0,45.387,7.34,104.248,65.699
44.1,lunar,PLA,-120.4,62.322,9.23,130.684,68.297
23.2,martian,PLA,141.1,2.618,0.223,5.508,61.093
0.4,lunar,PEEK,52.8,105.558,3.885,128.0,151.295
34.2,lunar,LDPE,113.6,0.496,0.02,0.84,51.632
35.6,lunar,PLA,89.3,6.203,0.819,13.121,65.266
26.2,martian,LDPE,71.1,1.464,0.051,2.192,50.142
19.9,martian,PEEK,112.9,90.787,4.478,131.417,158.183
2.2,lunar,LDPE,-143.4,12.972,0.323,18.095,44.574
13.2,lunar,PLA,-45.1,57.205,4.769,96.853,57.21
39.3,martian,PLA,96.0,3.731,0.476,6.8,65.142
42.9,martian,PEEK,122.5,73.881,7.604,155.199,159.851
29.8,lunar,PLA,42.9,44.895,5.205,94.58,62.475
37.1,martian,PLA,-138.2,64.161,8.755,125.456,63.583
18.0,lunar,LDPE,-141.3,12.868,0.393,16.686,48.51
26.3,martian,PEEK,-39.9,91.593,6.111,139.544,161.97
23.1,martian,LDPE,-52.1,10.575,0.384,15.698,48.814
35.8,lunar,PLA,61.0,33.127,4.067,67.924,66.083
49.2,lunar,LDPE,-59.6,9.881,0.594,18.667,58.376
28.4,lunar,PLA,24.1,53.431,5.034,109.277,60.947
43.0,lunar,LDPE,136.3,0.49,0.024,0.825,54.671
36.7,lunar,PLA,-41.5,60.578,7.582,111.019,65.806
15.8,martian,LDPE,-131.9,11.716,0.387,16.016,46.843
35.9,lunar,PEEK,-101.3,94.55,9.296,176.877,159.378
26.1,lunar,PEEK,140.9,81.266,4.426,122.904,153.658
20.4,lunar,PLA,-72.6,66.622,5.743,106.208,60.814
30.6,lunar,PLA,-138.9,63.328,7.908,126.079,61.874
8.0,lunar,PEEK,117.9,84.893,4.157,128.649,153.139
21.4,lunar,PEEK,-147.1,113.921,6.446,162.465,154.786
30.4,martian,PEEK,68.9,86.672,5.459,134.647,160.496
24.3,lunar,PEEK,-131.8,111.579,7.422,157.161,153.088
48.1,lunar,PEEK,-32.5,79.857,10.723,174.9,166.987
12.3,lunar,LDPE,65.9,2.234,0.055,2.858,46.381
37.2,lunar,PLA,143.9,3.054,0.342,5.31,62.825
16.7,lunar,LDPE,46.8,6.088,0.177,9.297,47.906
19.5,martian,LDPE,-158.2,11.944,0.413,18.038,49.781
18.0,lunar,PLA,45.5,46.209,3.443,82.319,59.989
12.6,lunar,PEEK,-56.6,111.89,5.269,148.775,159.198
12.1,martian,PLA,-66.9,60.124,4.813,115.97,56.529
45.0,martian,PEEK,-50.7,91.216,11.066,164.012,162.24
7.5,martian,PLA,55.8,31.903,2.096,51.883,58.207
37.8,lunar,PLA,124.1,2.803,0.358,5.617,66.552
15.7,lunar,PLA,125.5,3.055,0.2,4.79,59.487
5.1,lunar,PLA,107.9,2.843,0.181,4.572,55.706
35.2,martian,PLA,-152.8,60.525,8.171,141.863,63.124
4.7,martian,PLA,80.1,6.635,0.429,11.35,56.094
42.2,lunar,LDPE,126.3,0.462,0.023,0.844,54.225
28.6,lunar,PLA,-123.3,62.156,7.134,119.033,62.852
37.0,lunar,PLA,-86.8,60.506,8.328,129.182,65.704
3.0,martian,PEEK,-163.0,111.133,4.552,153.786,150.742
41.4,martian,PEEK,-41.2,90.102,8.354,159.673,161.455
41.8,lunar,LDPE,-113.9,11.6,0.557,18.188,54.984
1.1,martian,LDPE,76.3,0.87,0.019,1.024,45.513
49.2,lunar,PLA,34.1,53.223,9.221,110.558,68.945
25.6,martian,PLA,71.8,15.578,1.421,31.416,61.232
44.4,martian,PLA,-152.2,57.011,10.872,129.754,67.542
8.7,martian,PEEK,-69.3,107.255,4.637,140.053,156.476
23.9,martian,PEEK,-10.2,92.694,5.421,157.475,158.137
42.2,martian,PEEK,2.4,87.65,7.659,145.998,165.651
39.2,martian,LDPE,40.4,7.711,0.319,12.281,53.357
30.5,martian,LDPE,-18.3,10.202,0.35,15.676,49.475
12.3,lunar,LDPE,137.4,0.501,0.013,0.732,46.493
48.8,martian,PEEK,-161.8,95.032,12.379,193.973,157.321
6.9,martian,LDPE,-34.6,11.796,0.307,14.129,47.491
22.7,martian,LDPE,74.7,1.131,0.035,1.717,49.017
28.2,lunar,PEEK,132.9,77.558,5.127,118.534,158.629
26.3,martian,PLA,-98.4,53.614,6.401,118.653,61.734
26.6,martian,PEEK,-134.6,99.875,7.381,147.44,160.163
1.3,martian,PEEK,-89.7,110.875,4.824,165.508,155.054
27.8,martian,LDPE,-105.5,10.799,0.399,17.299,50.535
48.8,lunar,LDPE,0.6,10.026,0.59,15.735,58.846
50.0,lunar,PEEK,30.7,81.271,10.366,154.028,167.293
45.2,martian,PLA,-49.1,55.54,8.882,115.499,65.022
3.8,lunar,PLA,-144.4,72.497,4.507,123.691,55.981
10.3,martian,PEEK,11.2,94.949,4.124,132.308,150.331
29.6,lunar,PLA,-36.0,58.694,6.532,108.36,63.313
18.0,martian,LDPE,-79.3,11.363,0.344,16.45,47.862
4.3,martian,LDPE,9.3,10.911,0.256,13.634,45.475
32.0,martian,PEEK,137.6,71.6,5.459,106.358,161.773
35.4,lunar,PLA,-150.8,72.35,9.237,136.131,65.027
13.8,martian,PLA,42.6,43.831,3.388,79.804,58.664
31.5,lunar,PLA,-146.0,64.275,7.929,121.444,63.536
33.7,martian,PLA,42.8,44.222,5.006,93.087,62.792
12.3,martian,LDPE,87.6,0.508,0.014,0.683,46.629
35.9,lunar,PEEK,-162.8,106.844,9.551,171.324,169.436
35.7,lunar,PEEK,-159.0,113.413,10.099,169.535,165.275
26.4,lunar,PLA,75.2,14.282,1.386,27.334,61.155
24.7,martian,PLA,-20.0,52.36,5.508,111.165,60.815
9.8,martian,PLA,47.8,41.345,2.722,72.151,56.96
49.1,martian,PLA,-59.1,54.739,9.75,125.677,70.718
21.9,lunar,PLA,-176.6,74.922,6.458,133.03,59.975
47.5,martian,LDPE,65.2,2.883,0.148,5.561,53.775
33.1,martian,PLA,80.4,9.225,1.232,19.703,62.695
28.6,lunar,PLA,86.9,6.812,0.669,12.12,62.152
5.0,martian,LDPE,105.0,0.587,0.013,0.708,44.951
42.5,lunar,PLA,84.3,10.345,1.476,23.199,66.458
19.8,martian,LDPE,-60.9,11.225,0.348,15.013,47.468
48.3,martian,LDPE,148.6,0.458,0.024,0.785,54.602
26.7,martian,PEEK,-47.3,104.394,6.574,158.167,159.941
28.7,lunar,PLA,-170.8,73.248,7.75,131.955,62.608
43.2,martian,PEEK,-148.5,96.828,10.252,169.914,159.378
27.5,lunar,LDPE,-53.7,11.826,0.383,16.323,49.491
5.8,lunar,PEEK,142.7,68.037,2.726,90.219,153.669
39.5,martian,PEEK,22.2,78.573,7.481,135.814,163.962
24.4,lunar,LDPE,-92.7,10.76,0.412,16.864,51.118
24.1,martian,LDPE,-57.5,10.488,0.35,17.796,49.141
47.0,martian,PEEK,-81.5,89.443,11.293,170.213,162.147
1.2,martian,PEEK,-120.5,99.158,4.935,147.81,152.475
32.2,martian,PLA,85.1,7.25,0.809,14.445,63.511
47.8,lunar,PEEK,114.3,79.821,9.713,139.298,164.27
26.2,martian,LDPE,-154.8,12.934,0.44,18.74,51.336
22.6,lunar,LDPE,-4.8,10.704,0.326,14.975,50.053
37.2,lunar,LDPE,58.1,4.202,0.18,7.118,55.219
34.7,martian,PLA,88.8,5.434,0.666,11.599,60.859
31.9,martian,PLA,-109.2,59.558,6.82,120.928,60.572
1.8,lunar,LDPE,-165.2,13.969,0.321,17.029,44.972
20.2,lunar,LDPE,-164.0,13.731,0.414,19.326,48.027
34.5,martian,PLA,-161.3,63.838,8.269,137.428,63.235
2.8,martian,LDPE,139.1,0.52,0.013,0.703,45.135
41.0,martian,PLA,121.0,2.411,0.327,5.473,65.95
24.8,martian,LDPE,-29.8,10.6,0.367,16.425,50.116
42.5,martian,LDPE,-177.1,10.745,0.631,20.357,54.826
10.6,martian,PEEK,-119.1,110.703,5.045,153.679,153.014
18.9,lunar,PEEK,-168.1,114.651,6.941,142.347,157.271
4.8,lunar,PEEK,37.5,105.836,3.922,127.126,154.343
3.0,martian,PEEK,125.5,83.191,3.517,114.315,151.798
46.2,lunar,PLA,-165.5,65.932,12.103,132.485,67.37
43.1,martian,PLA,-122.2,62.085,10.177,134.751,66.7
37.4,martian,PEEK,75.3,86.698,6.889,151.58,161.419
44.9,lunar,PLA,-0.5,52.641,8.702,112.457,69.153
11.3,martian,PLA,-113.3,59.668,5.022,131.015,58.436
39.4,martian,PLA,-74.8,51.778,8.518,120.724,64.705
16.3,lunar,PLA,-79.2,58.24,5.27,101.384,58.654
26.7,lunar,PEEK,16.3,95.439,6.308,135.432,160.109
39.7,lunar,LDPE,-12.2,11.282,0.452,17.682,54.29
14.6,martian,PLA,-86.1,63.589,4.993,108.476,57.8
39.3,lunar,LDPE,9.1,10.033,0.451,16.764,52.261
27.4,martian,PLA,-178.5,69.404,7.012,115.863,62.027
37.2,lunar,PEEK,-135.7,112.871,9.134,192.861,160.656
48.8,lunar,PEEK,-174.9,106.281,13.163,216.97,166.024
36.1,martian,PLA,-149.0,64.317,7.988,131.073,61.971
42.0,martian,PEEK,-145.3,97.955,10.667,172.789,166.731
30.4,martian,PEEK,136.5,81.086,5.006,131.424,164.228
17.3,lunar,PEEK,-58.1,102.271,5.703,152.918,153.512
18.7,lunar,LDPE,-21.3,9.965,0.341,16.429,48.123
7.9,lunar,LDPE,-49.4,10.967,0.312,14.251,45.079
2.2,martian,PLA,-126.6,67.008,4.984,113.689,55.627
36.3,lunar,PEEK,-123.9,107.646,9.504,154.42,158.025
46.3,lunar,PLA,-126.6,61.904,11.363,126.728,68.726
5.5,martian,LDPE,149.8,0.556,0.013,0.657,45.561
0.7,martian,PLA,-15.2,57.464,3.532,100.145,55.6
35.3,martian,LDPE,-179.6,11.703,0.511,18.723,50.644
0.7,lunar,PEEK,-51.9,124.872,4.053,135.709,148.911
3.5,martian,LDPE,8.8,10.673,0.261,14.04,44.561
26.2,lunar,PLA,119.4,2.842,0.258,5.163,60.128
8.8,martian,PLA,57.0,31.748,1.995,48.649,56.787
32.8,martian,PLA,87.0,6.404,0.719,12.685,61.235
5.2,martian,PEEK,-130.5,114.59,4.703,151.059,154.273
7.0,martian,LDPE,-103.3,12.952,0.334,15.393,45.517
14.2,martian,LDPE,-72.1,11.939,0.31,15.287,45.803
16.3,lunar,PEEK,104.0,94.251,4.441,129.523,157.203
15.6,lunar,PLA,-155.6,65.393,5.621,121.905,58.985
0.6,lunar,PLA,133.5,3.275,0.175,4.75,56.394
42.2,lunar,PEEK,3.8,94.985,8.78,151.266,161.0
41.3,lunar,LDPE,-73.9,10.948,0.525,17.188,54.508
20.9,lunar,PLA,43.1,43.32,3.989,84.04,61.836
17.0,lunar,PEEK,-19.1,101.769,5.245,145.062,155.458
18.8,martian,PLA,-2.1,51.611,4.754,102.504,59.496
7.3,martian,LDPE,-13.8,11.46,0.28,13.78,46.502
4.4,martian,LDPE,61.7,2.596,0.061,3.025,45.392
2.5,lunar,LDPE,-165.3,14.016,0.361,18.152,43.523
47.4,lunar,PEEK,-140.8,99.817,11.887,182.558,165.986
34.1,lunar,PEEK,27.5,88.978,6.894,141.171,160.778
35.1,lunar,PEEK,7.6,90.714,6.525,145.23,160.11
20.9,lunar,LDPE,-179.1,12.246,0.412,19.551,48.232
3.0,lunar,PEEK,50.5,102.157,3.861,130.856,155.842
36.2,martian,LDPE,63.5,2.955,0.113,5.013,51.843
16.7,martian,LDPE,-89.2,11.676,0.366,15.315,47.511
0.2,lunar,LDPE,-102.3,11.631,0.292,16.733,45.617
1.9,lunar,LDPE,127.1,0.522,0.012,0.71,45.926
15.3,martian,PEEK,113.1,90.798,4.328,124.133,158.309
3.3,martian,PLA,-99.7,64.509,4.581,111.822,56.155
11.2,martian,PEEK,49.9,85.685,4.017,124.981,152.174
37.2,lunar,PLA,-25.2,58.292,7.995,113.964,63.708
47.8,lunar,LDPE,-114.2,11.673,0.662,18.93,55.48
15.3,lunar,PEEK,68.9,90.633,4.308,126.725,156.737
21.2,martian,PEEK,12.4,80.407,5.119,129.748,158.496
30.3,martian,PEEK,-12.4,100.063,6.537,145.69,160.222
28.6,lunar,PEEK,149.7,69.315,4.389,99.35,160.087
20.9,martian,PEEK,86.4,89.712,4.778,121.872,160.043
11.8,lunar,PEEK,-116.3,104.389,5.452,153.788,153.716
0.4,martian,LDPE,-117.7,12.557,0.36,15.916,44.447
38.6,martian,PLA,142.0,2.533,0.306,5.474,63.233
28.2,martian,PEEK,-61.4,90.274,6.58,146.142,156.693
23.6,martian,LDPE,44.5,7.325,0.211,9.325,48.776
34.0,lunar,LDPE,-154.6,11.432,0.508,19.451,53.129
11.8,martian,PLA,-173.5,71.85,5.282,110.502,57.834
12.8,martian,LDPE,-7.8,10.858,0.305,15.58,47.16
38.2,martian,LDPE,-78.3,10.483,0.534,17.604,52.756
46.7,martian,PEEK,10.2,84.052,9.178,158.816,167.793
45.0,lunar,PEEK,85.6,83.358,8.734,150.071,161.358
10.0,lunar,PLA,78.1,8.727,0.612,15.454,57.347
6.5,lunar,LDPE,-9.0,10.905,0.271,15.577,44.645
36.3,lunar,LDPE,-123.4,10.954,0.509,18.293,53.656
5.6,lunar,PEEK,79.0,101.459,3.737,126.719,153.3
24.7,lunar,PEEK,-81.8,106.255,6.375,158.598,160.609
19.1,lunar,PLA,146.5,2.654,0.236,4.942,57.516
2.3,lunar,LDPE,-89.3,13.351,0.309,15.846,44.542
39.0,lunar,PLA,-6.1,56.206,7.296,114.58,64.132
0.8,martian,LDPE,52.7,4.384,0.097,5.624,44.894
12.8,lunar,PLA,-102.2,60.463,5.162,122.108,58.081
24.2,lunar,LDPE,-36.9,10.613,0.366,17.032,50.085
32.3,martian,PEEK,-93.7,96.468,7.629,168.814,154.319
12.7,martian,PLA,-31.5,61.335,4.332,103.371,59.258
34.8,lunar,PLA,38.0,49.848,6.353,104.87,63.752
38.8,martian,LDPE,69.5,1.86,0.088,3.27,52.978
39.1,martian,PLA,-126.3,57.271,8.557,124.902,65.796
29.7,martian,PEEK,134.2,73.721,4.594,129.573,158.375
48.1,lunar,PLA,35.3,53.593,8.729,118.724,69.989
35.9,lunar,LDPE,-128.2,12.369,0.539,18.208,52.833
46.3,martian,PEEK,-23.8,80.96,9.507,161.983,167.616
19.7,martian,PLA,3.6,57.529,4.556,101.262,58.047
38.5,lunar,PLA,123.5,2.643,0.363,5.24,64.939
25.9,lunar,PEEK,87.1,93.635,5.557,135.212,160.891
16.2,martian,LDPE,128.4,0.544,0.014,0.7,47.503
33.9,martian,PEEK,75.3,88.0,6.461,136.66,158.726
25.5,lunar,LDPE,-25.1,11.348,0.356,17.185,48.943
28.7,lunar,PEEK,-159.1,108.605,8.674,171.346,157.898
11.4,lunar,PLA,-24.1,58.791,4.34,92.516,57.58
39.6,martian,PLA,-37.5,57.632,7.032,112.277,64.026
10.2,martian,LDPE,-115.8,12.208,0.343,18.051,46.57
33.9,lunar,PLA,136.7,2.628,0.337,5.575,64.437
24.8,martian,PEEK,45.3,81.014,5.163,149.197,162.32
14.9,lunar,PEEK,146.7,64.609,3.082,93.192,157.839
27.4,martian,PLA,-77.9,60.288,6.085,119.216,61.63
16.1,martian,PEEK,-15.7,90.393,4.811,127.907,154.643
40.8,lunar,PLA,-132.6,66.425,9.775,128.824,66.742
23.9,lunar,LDPE,-136.4,11.291,0.396,17.543,47.881
14.7,martian,LDPE,-170.0,11.95,0.407,16.857,46.632
37.9,lunar,LDPE,133.1,0.53,0.022,0.787,54.088
24.9,lunar,PEEK,94.2,88.131,5.297,130.178,157.502
43.7,martian,PLA,-21.4,48.074,7.93,121.346,65.996
23.5,lunar,PEEK,19.6,92.889,5.163,138.985,157.619
33.5,lunar,PLA,-120.2,64.394,8.22,134.865,64.479
41.5,martian,PEEK,-36.5,98.925,8.77,161.151,163.558
38.3,martian,PLA,-174.2,63.426,9.595,136.2,64.0
49.3,lunar,LDPE,149.5,0.473,0.028,0.838,57.283
1.8,martian,PEEK,54.1,106.52,3.776,132.734,155.536
36.1,lunar,LDPE,-55.1,10.358,0.459,17.594,52.356
25.8,martian,LDPE,-16.1,9.395,0.357,15.448,49.026
34.1,lunar,PLA,-121.0,64.144,8.367,134.906,65.026
45.0,martian,LDPE,-118.9,10.311,0.558,16.778,54.34
12.5,lunar,PLA,-38.2,61.97,4.811,108.44,57.009
29.3,lunar,PLA,-130.7,60.298,7.311,119.2,63.731
23.2,lunar,PLA,25.2,55.64,5.137,97.907,60.689
8.8,lunar,PLA,129.5,2.707,0.192,5.02,56.837
9.2,martian,PEEK,-78.9,100.132,4.661,137.565,155.234
29.2,martian,PEEK,-84.0,92.847,7.283,151.647,159.493
15.1,martian,PEEK,51.9,88.342,4.586,115.962,154.047
17.8,lunar,PLA,135.9,2.92,0.231,4.875,58.99
34.5,martian,PLA,-6.3,55.964,6.504,109.704,63.398
34.2,lunar,PLA,-71.2,64.926,7.805,124.526,63.461
38.8,martian,LDPE,29.6,8.118,0.392,15.688,53.014
2.7,martian,LDPE,83.8,0.535,0.013,0.725,46.141
44.8,martian,PLA,-89.9,54.839,9.813,132.757,67.97
38.1,lunar,PEEK,-81.0,91.528,9.512,161.222,164.266
34.8,lunar,PLA,141.1,2.914,0.32,5.268,64.354
28.2,martian,PEEK,-103.2,107.915,7.368,157.326,155.927
38.4,martian,PLA,104.3,2.558,0.31,5.362,67.502
3.0,lunar,PLA,-83.8,72.452,4.522,115.863,55.873
15.0,martian,LDPE,71.2,1.425,0.041,2.017,46.963
23.9,lunar,LDPE,-99.0,12.333,0.395,16.938,50.239
35.5,martian,LDPE,16.7,9.851,0.391,15.714,50.72
30.9,lunar,LDPE,84.9,0.641,0.022,0.943,52.753
14.8,lunar,PEEK,-119.9,103.914,5.949,152.598,151.092
39.4,lunar,PLA,59.2,35.001,4.6,80.085,66.1
33.0,martian,PLA,126.6,2.371,0.286,4.989,62.28
40.9,martian,PEEK,-27.4,93.469,8.383,161.373,163.945
46.2,martian,PEEK,140.2,68.329,7.435,124.382,166.927
9.4,lunar,PEEK,137.9,74.033,3.367,102.592,154.684
30.1,martian,PEEK,-46.5,95.835,6.764,154.207,160.402
14.0,martian,PEEK,-31.1,103.724,4.921,132.557,153.2
7.6,lunar,LDPE,-134.0,12.015,0.333,15.182,44.131
30.5,martian,PEEK,56.0,81.58,5.988,128.722,156.285
38.2,lunar,PEEK,-0.8,92.779,8.058,147.385,163.154
37.1,martian,PLA,-140.4,62.055,8.366,117.019,64.015
42.6,martian,PEEK,41.1,84.05,8.31,139.06,163.406
6.8,lunar,LDPE,46.5,5.655,0.152,7.842,46.396
35.8,lunar,PEEK,-173.3,114.331,10.082,191.388,162.116
49.8,lunar,PEEK,-4.9,83.147,11.113,157.961,164.661
42.4,martian,PLA,138.3,2.579,0.327,5.407,67.581
44.3,martian,PEEK,-31.9,78.575,9.265,157.329,168.38
20.9,martian,PLA,-75.3,57.039,5.719,113.684,59.102
20.7,lunar,PEEK,10.3,88.712,5.084,134.613,155.554
21.6,martian,PLA,-42.1,57.421,5.685,121.392,58.829
47.8,lunar,PEEK,-76.0,95.084,11.785,188.058,166.816
34.3,martian,PLA,-116.1,62.498,7.397,132.889,62.675
43.4,martian,PEEK,14.5,80.061,7.465,146.317,162.247
2.6,martian,LDPE,41.9,6.961,0.166,9.993,44.823
30.6,martian,LDPE,106.3,0.493,0.018,0.807,51.343
19.3,lunar,PLA,-8.4,54.604,4.972,106.202,60.315
22.1,lunar,LDPE,40.7,7.786,0.228,11.759,50.724
15.8,martian,PLA,-63.1,62.669,4.563,107.224,57.22
9.1,lunar,PLA,141.7,2.84,0.19,5.286,57.463
8.5,lunar,PEEK,-72.1,111.31,4.684,141.608,153.496
6.2,martian,PEEK,-164.1,125.105,5.327,155.265,153.632
37.5,lunar,PEEK,-113.9,100.8,9.276,169.239,160.919
9.4,lunar,PLA,57.4,30.274,2.096,49.265,58.106
44.2,lunar,LDPE,60.2,4.114,0.206,7.468,55.713
29.0,martian,LDPE,-12.3,10.803,0.352,16.489,50.746
0.9,lunar,PLA,24.3,64.368,3.592,96.2,54.855
11.0,martian,PEEK,-63.3,105.059,5.048,137.289,150.988
30.5,martian,PLA,-174.5,62.318,7.838,142.991,60.324
33.4,lunar,PLA,-121.1,59.17,8.2,126.741,63.946
6.4,martian,LDPE,23.3,10.439,0.273,14.959,45.524
44.4,lunar,LDPE,-55.7,10.838,0.557,15.365,55.155
24.0,lunar,LDPE,-148.1,12.977,0.43,17.14,49.154
3.1,martian,PEEK,148.0,60.881,2.404,81.4,155.021
37.9,lunar,LDPE,64.2,3.106,0.132,4.844,53.128
23.2,martian,LDPE,-101.8,12.538,0.391,17.294,48.245
12.0,martian,PLA,-114.0,66.564,5.185,117.798,58.919
13.5,lunar,PLA,5.0,58.62,4.17,103.074,58.777
28.1,lunar,PEEK,45.6,89.404,5.66,141.43,160.604
10.2,martian,PLA,-159.4,73.983,5.276,119.629,56.955
4.6,lunar,LDPE,19.4,10.858,0.251,15.592,46.356
46.6,martian,PEEK,-36.7,91.503,10.491,151.966,166.053
24.5,martian,PEEK,100.5,93.533,5.21,126.277,157.462
49.4,martian,PLA,136.5,2.488,0.441,5.537,68.053
0.5,martian,LDPE,-104.9,12.777,0.297,15.712,45.185
11.1,lunar,LDPE,-64.9,11.82,0.333,14.77,47.246
25.6,lunar,PEEK,103.7,92.555,5.298,139.181,157.583
48.1,martian,PEEK,20.5,80.792,9.116,147.792,168.982
12.2,lunar,PEEK,-22.2,101.532,4.768,145.173,156.072
9.8,lunar,PLA,49.9,40.16,2.838,65.211,56.639
2.7,martian,PLA,-41.9,61.906,4.038,95.097,55.085
46.1,martian,LDPE,-113.9,11.624,0.643,19.503,54.489
31.4,lunar,PLA,124.7,2.841,0.299,5.312,64.095
21.7,lunar,PLA,-137.5,63.928,6.071,118.308,60.636
29.9,lunar,PLA,-85.1,62.639,6.619,122.591,62.577
12.6,lunar,PLA,-133.7,65.162,5.298,120.633,57.299
35.1,lunar,PEEK,-38.8,90.124,7.67,167.16,158.603
48.9,lunar,PEEK,79.6,84.792,9.987,156.902,171.566
33.8,lunar,LDPE,-57.1,11.134,0.419,16.588,51.399
27.8,martian,PLA,132.6,2.404,0.262,4.892,60.999
5.3,martian,LDPE,34.8,10.142,0.205,12.311,44.741
3.7,lunar,LDPE,112.6,0.543,0.013,0.745,45.226
27.0,martian,PLA,-68.8,56.058,6.081,118.864,62.479
13.4,lunar,PLA,-163.3,71.087,5.592,120.088,58.083
27.2,martian,PEEK,96.4,88.392,4.847,132.272,155.748
2.7,lunar,LDPE,116.4,0.542,0.012,0.69,45.511
43.7,lunar,PEEK,62.3,85.838,8.332,141.023,165.315
17.1,lunar,PLA,-167.2,72.175,6.28,125.776,59.699
39.9,martian,LDPE,99.0,0.433,0.022,0.852,52.118
26.0,lunar,LDPE,135.1,0.481,0.015,0.835,50.349
1.4,lunar,LDPE,-123.8,11.86,0.316,16.61,43.688
19.7,martian,PLA,-8.8,54.589,4.575,95.426,59.432
24.3,lunar,PLA,-178.8,68.006,6.901,114.999,61.782
13.3,lunar,PLA,-63.4,61.871,5.051,112.705,59.125
2.7,lunar,PLA,104.1,2.906,0.178,5.086,55.176
38.5,martian,PLA,18.8,49.858,6.885,99.799,62.948
24.9,lunar,PLA,-125.8,67.592,6.815,118.446,60.814
42.3,lunar,PEEK,-60.1,100.708,9.876,174.391,163.983
6.7,martian,PLA,103.8,2.838,0.178,5.095,56.815
48.1,lunar,LDPE,57.5,4.589,0.255,8.125,57.698
7.7,lunar,PEEK,-37.5,96.584,4.735,143.274,156.959
49.7,martian,PLA,-73.6,54.138,10.365,123.632,67.184
33.2,lunar,LDPE,3.2,10.031,0.396,14.767,51.845
48.6,martian,LDPE,76.2,1.62,0.075,2.429,55.561
45.1,lunar,PLA,41.3,47.849,7.493,105.801,67.583
4.5,martian,LDPE,100.1,0.535,0.013,0.649,44.999
31.9,lunar,LDPE,-50.3,10.556,0.422,15.591,51.676
38.9,lunar,PLA,103.0,2.63,0.358,5.469,65.629
39.3,lunar,PEEK,-66.0,92.621,9.323,167.9,162.221
48.9,lunar,PEEK,-74.4,99.081,11.498,172.504,163.605
24.4,lunar,LDPE,-11.4,10.474,0.331,15.099,49.04
3.8,martian,PEEK,-46.3,93.308,4.257,143.269,151.047
16.9,lunar,PEEK,95.2,98.496,4.721,123.092,154.052
30.0,lunar,LDPE,-69.6,11.081,0.425,15.803,50.638
15.1,lunar,PLA,-52.0,63.453,4.775,104.072,58.765
33.5,lunar,PLA,-34.3,58.512,6.75,117.962,63.965
14.8,lunar,PEEK,132.0,83.544,3.685,117.857,154.378
48.1,martian,PLA,98.6,3.13,0.593,8.269,69.336
10.1,martian,PEEK,66.3,87.317,4.173,132.148,152.141
26.5,martian,LDPE,90.5,0.447,0.017,0.733,50.506
5.9,martian,LDPE,-39.2,11.341,0.302,15.851,46.212
2.7,martian,PLA,-148.5,66.138,4.982,119.547,54.929
28.9,martian,PEEK,144.5,63.599,4.283,100.93,161.86
2.6,lunar,PEEK,-30.3,107.76,4.05,125.988,155.254
48.2,lunar,LDPE,-141.0,11.027,0.665,17.664,55.69
21.2,martian,PLA,147.7,2.651,0.228,5.212,59.461
15.5,lunar,PLA,70.6,18.41,1.257,26.992,59.035
33.6,martian,PEEK,136.6,70.24,5.687,129.712,161.548
3.5,lunar,LDPE,-131.1,12.511,0.346,17.591,45.537
11.1,lunar,LDPE,-55.6,11.669,0.324,15.69,46.366
0.1,lunar,PEEK,-66.0,114.839,4.259,143.442,152.725
35.0,martian,LDPE,30.8,8.825,0.352,13.648,52.04
35.8,lunar,PLA,26.4,52.328,6.627,103.654,65.874
17.0,lunar,PEEK,-125.0,108.224,6.085,159.647,154.976
33.7,martian,LDPE,42.3,7.807,0.275,10.76,50.64
23.3,martian,PEEK,128.0,86.83,4.952,127.921,158.202
2.4,lunar,PLA,-30.4,65.227,4.196,100.841,55.27
14.3,martian,PLA,-24.9,61.852,4.428,105.113,57.492
22.1,martian,LDPE,-91.9,10.718,0.374,17.305,48.883
45.7,lunar,LDPE,103.0,0.49,0.025,0.773,57.883
25.7,martian,LDPE,-121.9,11.364,0.418,17.535,48.802
12.0,martian,LDPE,-74.5,12.046,0.336,14.684,46.327
49.8,martian,PEEK,96.3,82.356,10.085,158.198,167.097
8.6,martian,LDPE,-108.5,11.428,0.319,17.336,46.278
18.8,martian,PEEK,81.5,86.989,4.596,123.405,155.08
29.6,martian,LDPE,133.3,0.456,0.017,0.826,49.587
0.6,martian,PLA,-19.5,63.419,3.75,100.355,55.185
47.6,lunar,LDPE,-146.6,12.39,0.666,19.436,56.219
30.9,martian,PEEK,88.2,83.897,5.645,140.001,162.321
13.4,martian,PEEK,145.2,66.23,3.015,92.311,159.444
37.1,lunar,PEEK,50.6,91.507,7.291,136.173,159.201
37.4,lunar,LDPE,56.4,4.587,0.187,7.062,53.336
44.4,martian,PEEK,32.2,80.309,8.001,141.821,162.869
12.3,lunar,PEEK,-119.0,112.214,5.48,161.132,154.299
42.7,lunar,PEEK,-33.8,100.593,9.358,158.703,164.886
10.4,martian,PLA,-18.6,59.688,4.218,96.413,57.202
36.0,lunar,PEEK,-82.4,102.389,9.219,167.149,165.796
16.1,martian,PEEK,-145.7,105.695,5.844,163.703,155.584
25.9,martian,PEEK,-103.0,108.889,6.463,162.515,159.369
9.4,lunar,PLA,129.6,2.971,0.192,4.883,55.916
7.2,lunar,LDPE,85.6,0.522,0.013,0.781,44.896
17.7,martian,LDPE,-155.2,11.945,0.38,17.764,46.054
38.2,martian,PEEK,-29.1,94.786,7.682,150.468,160.332
2.7,lunar,PEEK,149.7,57.222,2.225,76.815,153.196
16.1,lunar,PEEK,-173.0,118.672,5.938,166.148,152.426
25.6,lunar,PEEK,-115.8,107.394,7.12,162.198,156.661
25.3,martian,LDPE,-4.5,9.612,0.337,16.262,50.116
2.7,martian,PEEK,-140.0,112.704,4.747,149.663,154.008
25.2,martian,PEEK,-133.7,109.76,6.821,157.074,155.931
45.4,lunar,PLA,-51.8,57.438,10.072,132.579,66.688
16.3,martian,PEEK,-36.1,99.225,4.714,151.502,156.844
7.9,martian,LDPE,-59.4,11.395,0.302,14.625,46.743
6.3,martian,PLA,-50.5,63.788,4.259,99.65,55.72
38.3,martian,LDPE,27.4,9.212,0.365,15.532,52.431
14.6,lunar,LDPE,-50.6,13.093,0.33,15.783,46.919
30.5,martian,PLA,-131.8,59.846,7.162,115.827,63.388
34.9,martian,LDPE,-145.9,11.207,0.511,19.275,51.936
8.4,martian,LDPE,28.4,9.652,0.247,12.247,46.419
19.6,lunar,PEEK,56.2,97.251,5.115,128.885,160.443
33.2,lunar,LDPE,-152.6,11.367,0.516,18.026,52.881
43.5,martian,PLA,-8.5,48.936,7.957,120.727,66.249
32.1,lunar,PEEK,102.9,91.588,6.421,146.883,162.38
9.9,martian,LDPE,-1.2,10.891,0.279,15.078,46.269
5.2,martian,PEEK,98.9,102.325,3.613,116.744,152.353
8.6,martian,PLA,57.4,30.952,2.138,53.519,57.682
30.6,lunar,PEEK,-8.9,104.314,6.508,142.846,163.081
22.0,lunar,LDPE,113.3,0.506,0.016,0.785,48.595
31.6,martian,PEEK,25.8,86.743,6.077,143.528,158.936
32.7,lunar,PLA,-135.0,59.547,7.9,114.666,63.44
12.8,lunar,PEEK,-2.8,97.804,4.436,135.03,155.284
26.0,martian,PEEK,29.0,86.732,5.935,135.576,157.491
33.7,lunar,PEEK,105.3,86.265,6.474,137.629,159.079
34.6,martian,PLA,58.0,32.33,4.039,69.872,63.818
0.6,lunar,PEEK,-11.8,103.506,4.226,130.505,150.658
3.7,lunar,PEEK,122.7,92.542,3.531,120.45,149.452
33.7,martian,PLA,-106.4,59.373,7.262,114.535,64.29
34.9,martian,PLA,-5.7,54.185,6.584,110.778,63.561
2.6,lunar,LDPE,118.5,0.573,0.013,0.676,45.33
23.4,lunar,LDPE,-28.6,11.484,0.375,14.868,49.58
2.3,lunar,LDPE,-132.7,12.071,0.318,16.458,45.279
22.3,martian,PEEK,131.4,77.874,4.556,119.809,159.135
47.8,martian,LDPE,-88.9,10.326,0.576,17.024,55.281
17.0,martian,PLA,48.9,38.563,3.265,73.071,58.912
50.0,martian,PEEK,-166.7,90.828,13.324,188.754,161.414
22.4,martian,LDPE,40.6,7.411,0.236,11.566,49.14
45.7,lunar,PEEK,-15.5,93.734,9.406,154.006,168.214
26.7,martian,PLA,-25.6,49.796,5.947,108.613,62.236
19.9,lunar,LDPE,-120.4,12.561,0.397,17.643,47.952
32.0,lunar,PEEK,47.9,95.037,6.454,132.61,161.144
31.0,martian,LDPE,-32.1,10.482,0.344,16.241,51.353
7.6,lunar,PEEK,-128.6,117.482,5.018,160.779,153.684
31.0,lunar,PLA,-109.0,61.521,7.149,136.866,62.569
2.6,martian,PLA,-4.6,62.874,4.122,105.86,55.67
10.7,martian,PEEK,-1.0,92.99,4.292,124.735,153.239
9.1,lunar,PEEK,-117.4,105.383,4.938,152.44,154.358
21.1,martian,PLA,75.9,12.353,0.955,21.931,60.506
37.5,martian,PLA,68.5,19.903,2.758,45.977,64.733
18.8,lunar,PEEK,-106.3,119.539,6.392,145.672,157.856
19.8,martian,PLA,128.5,2.471,0.221,5.241,59.584
34.2,martian,PEEK,77.8,86.568,6.397,141.419,164.718
0.1,martian,PEEK,30.4,98.633,3.639,126.341,150.867
11.8,lunar,PLA,-170.4,72.792,5.535,109.652,58.271
42.7,lunar,PLA,-142.7,59.05,10.745,134.556,65.032
27.2,lunar,LDPE,-43.4,10.664,0.383,15.944,49.001
8.1,lunar,PLA,40.1,46.487,3.349,77.54,56.967
34.5,martian,PEEK,53.2,81.684,6.522,142.791,158.72
40.4,lunar,PEEK,-63.6,97.715,8.962,154.033,164.527
5.8,lunar,PEEK,-98.4,116.587,4.522,135.378,154.735
29.8,lunar,LDPE,47.4,6.531,0.215,9.874,50.076
32.3,martian,PEEK,-152.2,107.165,9.12,167.478,161.271
44.0,lunar,PEEK,-108.9,101.535,11.086,189.254,160.834
46.0,martian,LDPE,-29.7,9.642,0.507,16.231,53.086
12.1,lunar,PEEK,112.3,89.156,4.107,124.063,154.852
34.1,martian,PLA,-178.5,66.592,8.41,128.395,63.056
25.6,martian,PEEK,-72.0,93.041,6.195,148.759,160.397
12.0,martian,PEEK,39.8,90.616,4.378,130.843,154.831
9.0,lunar,LDPE,4.4,10.913,0.269,14.477,47.412
27.1,lunar,PLA,101.9,2.653,0.272,5.019,62.76
21.6,martian,PEEK,70.1,86.606,5.032,146.91,156.105
18.8,martian,PEEK,27.4,89.438,4.561,135.218,155.585
30.3,lunar,PLA,-95.5,61.792,7.424,110.364,64.197
9.8,lunar,PEEK,-41.2,98.718,4.942,152.352,153.856
31.5,martian,LDPE,-97.7,9.911,0.447,16.779,48.966
23.4,lunar,PEEK,-127.2,113.639,7.209,161.021,158.429
3.0,lunar,PLA,-24.8,62.567,4.007,102.128,57.496
18.3,martian,PLA,28.6,57.373,4.048,98.782,58.615
36.9,lunar,LDPE,121.0,0.532,0.02,0.752,52.994
45.3,martian,PEEK,-76.4,95.215,10.097,177.212,164.186
7.9,martian,LDPE,82.1,0.587,0.016,0.79,46.83
38.9,martian,PEEK,73.7,84.882,7.468,133.937,162.595
14.1,lunar,LDPE,63.2,2.447,0.064,3.637,46.512
33.3,lunar,PLA,-176.9,68.919,8.397,124.39,62.834
16.2,martian,PEEK,-87.1,100.861,5.557,150.351,156.52
21.4,lunar,PLA,-135.9,67.44,5.63,126.086,60.454
10.0,lunar,PLA,61.0,24.439,1.81,40.949,56.515
35.1,martian,PEEK,-114.2,102.37,8.747,170.737,162.843
13.7,martian,PEEK,124.8,86.043,3.939,118.29,156.411
32.8,lunar,PEEK,-103.1,100.378,7.588,169.528,159.29
6.0,lunar,LDPE,-27.1,10.546,0.283,14.77,46.074
28.8,lunar,PLA,128.1,2.83,0.277,5.26,62.499
27.0,martian,LDPE,-3.1,10.747,0.338,14.672,49.711
11.8,martian,PLA,-128.6,70.879,5.17,117.461,55.622
25.7,martian,LDPE,-129.7,11.8,0.426,16.742,49.727
14.8,lunar,PEEK,-148.6,113.25,6.25,149.317,157.036
32.5,lunar,PEEK,128.5,82.414,6.46,123.762,162.226
15.7,martian,LDPE,131.8,0.479,0.014,0.732,47.695
29.0,lunar,PLA,98.5,2.72,0.299,5.043,61.666
45.6,lunar,PLA,-136.8,59.802,10.901,130.684,68.76
14.9,lunar,PLA,-54.1,60.127,4.611,113.33,59.149
